,postId,time_start_experiment,stim,time_start_exp,time_end_exp,time_diff_exp,ans01,ans02,ans1,ans2,views,time_start_demo,time_end_demo,time_diff_demo,age,sex,degree,monitor,computer,expert,train,cb,time_start_spatial-first,time_end_spatial-first,time_diff_spatial-first,spatial_1,spatial_2,spatial_3,spatial_4,spatial_5,spatial_6,spatial_7,spatial_8,spatial_9,spatial_10,spatialFirst_numCorrect,spatialFirst_numWrong,spatialFirst_numSkipped,time_start_spatial-second,time_end_spatial-second,time_diff_spatial-second,spatial_11,spatial_12,spatial_13,spatial_14,spatial_15,spatial_16,spatial_17,spatial_18,spatial_19,spatial_20,spatialSecond_numCorrect,spatialSecond_numWrong,spatialSecond_numSkipped,time_end_experiment,time_diff_experiment,comments,ans1Corr,ans2Corr,numCorr,bonus,corr,spatialAbility,interacted,num_interactions,drop
0,kndjul3t,1618168676970,worseStatic,1618168689344,1618168705604,16260,false positive,false positive,-1,1,"[{'you_test_cb': False, 'you_actual_cb': False}]",1618168716986,1618168753183,36197,25-39,Male,Bachelors,15,51-60,high-intermediate,5,not_colorblind,1618168759662,1618168785917,26255,b,c,c,b,c,b,c,b,c,c,0,10,0,1618168789980,1618168817704,27724,a,b,c,d,c,c,b,c,b,c,2,8,0,1618168817709,140739,good,0,0,0,20,0,-2.5,0,0,0
1,kndjsk1c,1618168581123,middleStatic,1618168660932,1618168795886,134954,false positive,false positive,80,56,"[{'you_test_cb': False, 'you_actual_cb': False}]",1618168801051,1618168829534,28483,25-39,Male,Bachelors,21,41-50,intermediate,4,not_colorblind,1618168853308,1618168874783,21475,c,b,d,c,d,c,d,b,d,c,0,10,0,1618168877202,1618168907318,30116,c,b,a,a,c,b,c,d,d,c,6,4,0,1618168907323,326200,Interesting,0,1,1,70,0,2.5,0,0,0
2,kndjtrmo,1618168637973,betterStatic,1618168658404,1618168686714,28310,true positive,true positive,9,8,"[{'you_test_cb': False, 'you_actual_cb': False}, {'you_test_cb': True, 'you_actual_cb': False}]",1618168690303,1618168719276,28973,40-49,Male,Bachelors,13,31-40,intermediate,5,colorblind,1618168728766,1618168795955,67189,e,b,a,a,d,e,b,a,d,d,1,9,0,1618168799320,1618168856686,57366,c,a,e,c,c,d,b,b,c,d,1,9,0,1618168856695,218722,no comments,0,0,0,20,0,-2.5,1,1,0
3,kndju79a,1618168658815,worseStatic,1618168679489,1618168703715,24226,true positive,true positive,3,6,"[{'you_test_cb': False, 'you_actual_cb': False}]",1618168708333,1618168761239,52906,25-39,Male,Masters,R,lt5,R,R,colorblind,1618168771981,1618168846096,74115,a,b,a,a,,d,c,e,d,a,1,8,1,1618168850383,1618168941718,91335,c,a,a,c,d,d,a,b,d,e,3,7,0,1618168941725,282910,A1K0FWYPIYNTEI,0,0,0,40,0,0.25,0,0,0
4,kndjvot1,1618168728267,worseStatic,1618168770087,1618168836056,65969,true positive,true positive,20,35,"[{'you_test_cb': False, 'you_actual_cb': False}]",1618168843864,1618168863209,19345,25-39,Male,Bachelors,11,6-10,novice,4,not_colorblind,1618168870284,1618168898883,28599,a,a,a,a,e,e,e,e,e,e,4,6,0,1618168904300,1618168925099,20799,d,d,d,d,d,d,d,c,d,d,1,9,0,1618168925104,196837,GOOD SURVEY,0,0,0,50,0,1.25,0,0,0
5,kndjtohf,1618168633486,betterStatic,1618168830336,1618169210600,380264,true positive,true positive,57,56,"[{'you_test_cb': False, 'you_actual_cb': False}, {'you_test_cb': False, 'you_actual_cb': True}, {'you_test_cb': True, 'you_actual_cb': True}]",1618169218022,1618169276845,58823,50-59,Female,Bachelors,19,31-40,intermediate,3,not_colorblind,1618169391699,1618169572702,181003,a,d,,,a,,,,,,2,1,7,1618169576818,1618169757824,181006,c,,a,e,,,e,,,,4,0,6,1618169757826,1124340,I wonder if there was only one question on the Covid-19 task?,1,1,2,80,1,5.75,1,2,0
6,kndjyzgy,1618168882049,middleStatic,1618168912960,1618168951284,38324,true positive,true positive,10,40,"[{'you_test_cb': False, 'you_actual_cb': False}]",1618168973739,1618168998925,25186,25-39,Male,Bachelors,11,6-10,novice,2,not_colorblind,1618169004064,1618169049096,45032,e,e,e,e,e,e,e,e,e,e,3,7,0,1618169052451,1618169065741,13290,e,e,e,e,d,e,e,e,e,e,2,8,0,1618169065746,183697,GOOD SURVEY,0,0,0,50,0,1.25,0,0,0
7,kndjzatf,1618168895629,worseStatic,1618168929566,1618169076362,146796,true negative,true negative,59,1,"[{'you_test_cb': False, 'you_actual_cb': False}]",1618169086209,1618169127532,41323,40-49,Male,Bachelors,R,31-40,intermediate,4,not_colorblind,1618169132860,1618169182152,49292,e,b,e,d,d,d,c,d,c,d,1,9,0,1618169184452,1618169225681,41229,e,e,e,a,c,d,d,c,d,c,2,8,0,1618169225688,330059,good,0,0,0,30,0,-1.25,0,0,0
8,kndjwofc,1618168774373,worseStatic,1618168965793,1618169031715,65922,true positive,true positive,50,0,"[{'you_test_cb': False, 'you_actual_cb': False}]",1618169035566,1618169051712,16146,25-39,Male,Bachelors,19,31-40,intermediate,5,not_colorblind,1618169069888,1618169091956,22068,d,e,c,d,d,e,d,e,e,d,3,7,0,1618169097726,1618169110940,13214,d,e,d,e,e,d,e,e,d,e,3,7,0,1618169110951,336578,good,0,0,0,60,0,2.5,0,0,0
9,kndk3svl,1618169105764,middleStatic,1618169288675,1618169421524,132849,true positive,true positive,57,56,"[{'you_test_cb': False, 'you_actual_cb': False}, {'you_test_cb': False, 'you_actual_cb': True}, {'you_test_cb': False, 'you_actual_cb': False}, {'you_test_cb': True, 'you_actual_cb': False}, {'you_test_cb': False, 'you_actual_cb': False}, {'you_test_cb': True, 'you_actual_cb': False}, {'you_test_cb': False, 'you_actual_cb': False}, {'you_test_cb': True, 'you_actual_cb': False}, {'you_test_cb': True, 'you_actual_cb': True}, {'you_test_cb': False, 'you_actual_cb': True}, {'you_test_cb': True, 'you_actual_cb': True}, {'you_test_cb': False, 'you_actual_cb': True}, {'you_test_cb': False, 'you_actual_cb': False}, {'you_test_cb': False, 'you_actual_cb': True}, {'you_test_cb': True, 'you_actual_cb': True}]",1618169432839,1618169466235,33396,25-39,Female,Bachelors,21,31-40,high-intermediate,4,not_colorblind,1618169568762,1618169754841,186079,a,c,e,d,b,e,a,c,,c,6,3,1,1618169760628,1618169945307,184679,c,b,a,e,b,e,d,a,b,,5,4,1,1618169945318,839554,Check the probability of the folds and determine the hole and selected the correct one,1,1,2,130,1,9.25,1,14,0
10,kndw7akm,1618189425361,worseStatic,1618189460557,1618189484907,24350,true positive,true positive,25,100,"[{'you_test_cb': False, 'you_actual_cb': False}]",1618189491249,1618189533460,42211,25-39,Male,Bachelors,15,41-50,high-intermediate,5,not_colorblind,1618189541472,1618189560332,18860,c,e,c,c,e,c,d,c,d,d,1,9,0,1618189568162,1618189594842,26680,d,c,e,d,d,c,a,b,e,d,0,10,0,1618189594858,169497,No comments,0,0,0,10,0,-3.75,0,0,0
11,kndk4rso,1618169151125,betterStatic,1618169174515,1618169269926,95411,true negative,true negative,100,54,"[{'you_test_cb': False, 'you_actual_cb': False}]",1618169272804,1618169309508,36704,40-49,Male,Bachelors,11,41-50,high-intermediate,5,not_colorblind,1618169318452,1618169331429,12977,c,c,b,d,e,d,d,e,d,d,2,8,0,1618169333772,1618169344387,10615,e,d,e,c,e,e,d,b,d,d,1,9,0,1618169344394,193269,very interesting...,0,0,0,30,0,-1.25,0,0,0
12,kndk4t1n,1618169157204,betterStatic,1618169198385,1618169221215,22830,true positive,true positive,0,0,"[{'you_test_cb': False, 'you_actual_cb': False}, {'you_test_cb': True, 'you_actual_cb': False}, {'you_test_cb': True, 'you_actual_cb': True}]",1618169233123,1618169274013,40890,25-39,Female,Bachelors,15,31-40,expert,5,not_colorblind,1618169290396,1618169325931,35535,c,b,d,e,d,d,c,c,d,e,2,8,0,1618169330508,1618169360341,29833,c,d,d,e,c,c,e,d,d,e,5,5,0,1618169360396,203192,very nice,0,0,0,70,0,3.75,1,2,0
13,kndk5mey,1618169190592,worseStatic,1618169197082,1618169216403,19321,true positive,true positive,15,45,"[{'you_test_cb': False, 'you_actual_cb': False}]",1618169219387,1618169236357,16970,25-39,Male,Bachelors,11,6-10,high-intermediate,4,not_colorblind,1618169241164,1618169268748,27584,e,e,d,e,e,d,e,e,e,e,2,8,0,1618169271796,1618169283580,11784,e,e,e,e,e,d,e,e,e,e,2,8,0,1618169283586,92994,GOOD,0,0,0,40,0,0.0,0,0,0
14,kndk93dz,1618169352559,worseStatic,1618169392455,1618169462006,69551,true negative,true negative,0,1,"[{'you_test_cb': False, 'you_actual_cb': False}, {'you_test_cb': False, 'you_actual_cb': True}, {'you_test_cb': True, 'you_actual_cb': True}, {'you_test_cb': True, 'you_actual_cb': False}]",1618169469655,1618169567863,98208,50-59,Female,Other,9 or smaller,31-40,expert,5,not_colorblind,1618169576912,1618169679948,103036,e,b,a,a,a,c,c,e,d,a,0,10,0,1618169683080,1618169780151,97071,c,a,a,c,a,d,d,b,c,d,2,8,0,1618169780154,427595,good,0,0,0,20,0,-2.5,1,3,0
15,kndk6hai,1618169231558,middleStatic,1618169327226,1618169431267,104041,true positive,true positive,5620,20,"[{'you_test_cb': False, 'you_actual_cb': False}, {'you_test_cb': False, 'you_actual_cb': True}, {'you_test_cb': True, 'you_actual_cb': True}]",1618169442525,1618169475938,33413,25-39,Male,Bachelors,11,21-30,expert,4,not_colorblind,1618169483611,1618169525186,41575,a,b,c,d,e,d,c,b,c,b,2,8,0,1618169531177,1618169547442,16265,b,c,d,a,b,c,d,c,c,d,1,9,0,1618169547449,315891,GOOD SURVEY,0,0,0,30,0,-1.25,1,2,0
16,kndk5tll,1618169200016,betterStatic,1618169325258,1618169403210,77952,true positive,true positive,56,20,"[{'you_test_cb': False, 'you_actual_cb': False}, {'you_test_cb': True, 'you_actual_cb': False}, {'you_test_cb': True, 'you_actual_cb': True}]",1618169411885,1618169454491,42606,50-59,Male,Bachelors,dontknow,31-40,high-intermediate,4,not_colorblind,1618169465768,1618169557970,92202,e,b,a,a,d,e,c,e,d,a,1,9,0,1618169564132,1618169647012,82880,c,a,a,c,c,d,a,a,c,d,2,8,0,1618169647019,447003,good,0,0,0,30,0,-1.25,1,2,0
17,kndkapb2,1618169427933,betterStatic,1618169475909,1618169613406,137497,true negative,true positive,56,32,"[{'you_test_cb': False, 'you_actual_cb': False}, {'you_test_cb': True, 'you_actual_cb': False}, {'you_test_cb': True, 'you_actual_cb': True}, {'you_test_cb': True, 'you_actual_cb': False}, {'you_test_cb': True, 'you_actual_cb': True}]",1618169618606,1618169657155,38549,40-49,Male,Bachelors,R,41-50,intermediate,5,not_colorblind,1618169680674,1618169862878,182204,e,b,b,a,a,e,e,,,,2,5,3,1618169869178,1618169995842,126664,c,c,e,b,c,d,e,e,c,e,2,8,0,1618169995853,567920,nothing,0,0,0,40,0,0.75,1,4,0
18,kndkcn01,1618169518115,betterStatic,1618169624647,1618169698880,74233,false positive,false positive,57,56,"[{'you_test_cb': False, 'you_actual_cb': False}, {'you_test_cb': True, 'you_actual_cb': False}, {'you_test_cb': False, 'you_actual_cb': False}, {'you_test_cb': True, 'you_actual_cb': False}, {'you_test_cb': False, 'you_actual_cb': False}, {'you_test_cb': False, 'you_actual_cb': True}, {'you_test_cb': False, 'you_actual_cb': False}, {'you_test_cb': True, 'you_actual_cb': False}, {'you_test_cb': False, 'you_actual_cb': False}, {'you_test_cb': False, 'you_actual_cb': True}, {'you_test_cb': False, 'you_actual_cb': False}]",1618169704435,1618169721995,17560,25-39,Male,Bachelors,17,11-20,low-intermediate,2,not_colorblind,1618169764199,1618169945565,181366,e,d,,d,,,,,,,2,1,7,1618169954996,1618170135996,181000,,,a,e,,,,,,d,2,1,7,1618170135998,617883,"thanks for the opportunity, very difficult, stay safe",1,1,2,60,1,3.5,1,10,0
19,kndkdh7m,1618169557594,middleStatic,1618169592008,1618169632556,40548,true negative,true negative,145,213,"[{'you_test_cb': False, 'you_actual_cb': False}, {'you_test_cb': True, 'you_actual_cb': False}, {'you_test_cb': True, 'you_actual_cb': True}]",1618169639597,1618169673697,34100,50-59,Female,Bachelors,13,31-40,intermediate,4,not_colorblind,1618169706016,1618169887018,181002,a,d,,c,b,e,a,c,d,,6,2,2,1618169892158,1618170073162,181004,c,b,a,e,e,a,e,,a,,6,2,2,1618170073181,515587,Very likable survey,0,0,0,120,0,11.0,1,2,0
20,kndkd5uk,1618169543490,worseStatic,1618169660168,1618169726009,65841,true positive,true positive,56,80,"[{'you_test_cb': False, 'you_actual_cb': False}, {'you_test_cb': True, 'you_actual_cb': False}, {'you_test_cb': True, 'you_actual_cb': True}]",1618169739481,1618169800497,61016,50-59,Female,Bachelors,15,6-10,intermediate,5,not_colorblind,1618169815282,1618169996284,181002,a,d,e,d,c,a,b,c,d,,4,5,1,1618170004056,1618170161393,157337,c,b,a,e,a,a,d,c,a,c,6,4,0,1618170161398,617908,It was good experience.,0,0,0,100,0,7.75,1,2,0
21,kndki8qv,1618169779409,betterStatic,1618169805959,1618169954344,148385,true negative,true negative,46,45,"[{'you_test_cb': False, 'you_actual_cb': False}]",1618169957509,1618169995374,37865,40-49,Female,Bachelors,R,31-40,R,4,not_colorblind,1618170008645,1618170120456,111811,a,d,c,d,b,c,c,c,d,d,5,5,0,1618170123121,1618170234541,111420,c,b,a,e,e,d,d,c,d,d,5,5,0,1618170234547,455138,good,0,0,0,100,0,7.5,0,0,0
22,kndknmqm,1618170030963,betterStatic,1618170101357,1618170173477,72120,true positive,true positive,57,56,"[{'you_test_cb': False, 'you_actual_cb': False}, {'you_test_cb': True, 'you_actual_cb': False}, {'you_test_cb': True, 'you_actual_cb': True}]",1618170182560,1618170212176,29616,40-49,Male,Bachelors,21,11-20,novice,1,not_colorblind,1618170226541,1618170407544,181003,a,d,b,c,a,,,,,,3,2,5,1618170410457,1618170591458,181001,c,b,a,c,e,a,e,d,d,,7,2,1,1618170591461,560498,Thanks,1,1,2,120,1,9.0,1,2,0
23,kndkomde,1618170077490,middleStatic,1618170166425,1618170282153,115728,true negative,true positive,56,80,"[{'you_test_cb': False, 'you_actual_cb': False}, {'you_test_cb': True, 'you_actual_cb': False}]",1618170288914,1618170311939,23025,25-39,Male,High School,23 or larger,21-30,intermediate,3,not_colorblind,1618170343441,1618170375834,32393,a,c,b,d,c,c,b,d,d,b,3,7,0,1618170378352,1618170449879,71527,d,b,c,b,d,b,c,d,c,d,2,8,0,1618170449881,372391,No feedback,0,0,0,50,0,1.25,1,1,0
24,kndkprj5,1618170132063,middleStatic,1618170186863,1618170295555,108692,false positive,false positive,57,100,"[{'you_test_cb': False, 'you_actual_cb': False}, {'you_test_cb': False, 'you_actual_cb': True}, {'you_test_cb': False, 'you_actual_cb': False}, {'you_test_cb': True, 'you_actual_cb': False}]",1618170301822,1618170329255,27433,40-49,Female,Bachelors,23 or larger,41-50,expert,5,not_colorblind,1618170346210,1618170466784,120574,c,d,c,,d,b,c,d,c,d,1,8,1,1618170471023,1618170550036,79013,b,d,c,b,d,c,b,d,c,b,1,9,0,1618170550043,417980,A1ZA9BZNCOW720,1,0,1,30,0,-2.25,1,3,0
25,kndkqee8,1618170160336,betterStatic,1618170262390,1618170344716,82326,false positive,false positive,56,56,"[{'you_test_cb': False, 'you_actual_cb': False}, {'you_test_cb': True, 'you_actual_cb': False}, {'you_test_cb': False, 'you_actual_cb': False}, {'you_test_cb': True, 'you_actual_cb': False}, {'you_test_cb': False, 'you_actual_cb': False}, {'you_test_cb': False, 'you_actual_cb': True}, {'you_test_cb': False, 'you_actual_cb': False}, {'you_test_cb': False, 'you_actual_cb': True}, {'you_test_cb': False, 'you_actual_cb': False}, {'you_test_cb': True, 'you_actual_cb': False}, {'you_test_cb': False, 'you_actual_cb': False}, {'you_test_cb': False, 'you_actual_cb': True}, {'you_test_cb': True, 'you_actual_cb': True}, {'you_test_cb': False, 'you_actual_cb': True}, {'you_test_cb': False, 'you_actual_cb': False}]",1618170353034,1618170381038,28004,40-49,Female,Bachelors,13,41-50,low-intermediate,1,not_colorblind,1618170444576,1618170625577,181001,a,d,b,d,b,e,,,,,6,0,4,1618170629539,1618170810541,181002,c,b,a,,b,a,e,d,d,d,8,1,1,1618170810548,650212,I enjoyed the study and found it to be challenging.,0,1,1,150,0,13.75,1,14,0
26,kndkrk88,1618170214335,middleStatic,1618170353787,1618170494040,140253,true positive,true positive,56,55,"[{'you_test_cb': False, 'you_actual_cb': False}, {'you_test_cb': True, 'you_actual_cb': False}, {'you_test_cb': True, 'you_actual_cb': True}, {'you_test_cb': True, 'you_actual_cb': False}, {'you_test_cb': True, 'you_actual_cb': True}]",1618170505720,1618170538214,32494,25-39,Male,Bachelors,13,31-40,intermediate,2,not_colorblind,1618170571278,1618170752281,181003,a,b,b,d,b,e,,,,,5,1,4,1618170754951,1618170936417,181466,c,b,a,b,a,,,,,,3,2,5,1618170936429,722094,Good experiment.,0,0,0,80,0,7.25,1,4,0
27,kndkx4ys,1618170474858,middleStatic,1618170641974,1618170783207,141233,true positive,true positive,57,56,"[{'you_test_cb': False, 'you_actual_cb': False}, {'you_test_cb': True, 'you_actual_cb': False}, {'you_test_cb': True, 'you_actual_cb': True}, {'you_test_cb': False, 'you_actual_cb': True}, {'you_test_cb': False, 'you_actual_cb': False}, {'you_test_cb': True, 'you_actual_cb': False}, {'you_test_cb': True, 'you_actual_cb': True}]",1618170793323,1618170823110,29787,40-49,Female,Bachelors,21,41-50,intermediate,2,not_colorblind,1618170840773,1618171015703,174930,a,d,d,d,c,d,b,c,d,a,4,6,0,1618171018835,1618171185638,166803,c,b,a,e,b,d,a,b,e,,5,4,1,1618171185654,710796,I do well with graph reading and interpretation but am terrible with the hole-in-the-paper test. I don't feel that are of the same type of visualization testing.,1,1,2,110,1,6.5,1,6,0
28,kndkvjpu,1618170400258,betterStatic,1618170500728,1618170595085,94357,true negative,true negative,56,20,"[{'you_test_cb': False, 'you_actual_cb': False}, {'you_test_cb': False, 'you_actual_cb': True}, {'you_test_cb': False, 'you_actual_cb': False}, {'you_test_cb': True, 'you_actual_cb': False}]",1618170597652,1618170623556,25904,25-39,Male,Bachelors,23 or larger,41-50,high-intermediate,4,not_colorblind,1618170629449,1618170657640,28191,c,d,e,d,c,d,e,c,d,c,3,7,0,1618170659654,1618170674997,15343,e,d,e,e,c,d,c,d,c,c,3,7,0,1618170675000,274742,It was interesting,0,0,0,60,0,2.5,1,3,0
29,kndkxf89,1618170487860,worseStatic,1618170528177,1618170634267,106090,true positive,true positive,59,59,"[{'you_test_cb': False, 'you_actual_cb': False}, {'you_test_cb': True, 'you_actual_cb': False}, {'you_test_cb': True, 'you_actual_cb': True}]",1618170638684,1618170684983,46299,40-49,Female,Bachelors,15,41-50,expert,5,not_colorblind,1618170695560,1618170858884,163324,a,b,d,e,a,e,c,a,d,c,2,8,0,1618170862925,1618170991742,128817,c,c,e,b,c,e,b,c,b,e,1,9,0,1618170991755,503895,Good study and very interesting.,0,0,0,30,0,-1.25,1,2,0
30,kndl00j5,1618170608880,middleStatic,1618170632372,1618170721683,89311,true negative,true negative,56,1,"[{'you_test_cb': False, 'you_actual_cb': False}, {'you_test_cb': True, 'you_actual_cb': False}]",1618170728607,1618172415594,1686987,50-59,Female,High School,11,31-40,intermediate,5,R,1618172427888,1618172458884,30996,e,c,d,c,c,d,e,b,c,d,0,10,0,1618172462464,1618172483107,20643,d,c,b,b,e,c,b,d,d,c,3,7,0,1618172483111,1874231,this was great,0,0,0,30,0,-1.25,1,1,0
31,kndl1mzu,1618170685307,middleStatic,1618170786625,1618170806985,20360,true negative,true negative,3,4,"[{'you_test_cb': False, 'you_actual_cb': False}, {'you_test_cb': True, 'you_actual_cb': False}, {'you_test_cb': True, 'you_actual_cb': True}, {'you_test_cb': False, 'you_actual_cb': True}, {'you_test_cb': True, 'you_actual_cb': True}, {'you_test_cb': True, 'you_actual_cb': False}, {'you_test_cb': False, 'you_actual_cb': False}]",1618170811447,1618170842217,30770,60 ,Male,Bachelors,13,31-40,intermediate,4,colorblind,1618170855761,1618170904616,48855,e,c,d,b,e,d,e,c,d,d,1,9,0,1618170911893,1618170984457,72564,d,c,d,e,c,d,e,d,e,d,3,7,0,1618170984461,299154,very good and interesting,0,0,0,40,0,0.0,1,6,0
32,kndl42db,1618170797889,betterStatic,1618170850286,1618170922585,72299,false positive,true positive,56,80,"[{'you_test_cb': False, 'you_actual_cb': False}, {'you_test_cb': True, 'you_actual_cb': False}, {'you_test_cb': False, 'you_actual_cb': False}, {'you_test_cb': False, 'you_actual_cb': True}, {'you_test_cb': False, 'you_actual_cb': False}, {'you_test_cb': True, 'you_actual_cb': False}, {'you_test_cb': True, 'you_actual_cb': True}, {'you_test_cb': False, 'you_actual_cb': True}, {'you_test_cb': True, 'you_actual_cb': True}, {'you_test_cb': False, 'you_actual_cb': True}, {'you_test_cb': False, 'you_actual_cb': False}, {'you_test_cb': False, 'you_actual_cb': True}, {'you_test_cb': True, 'you_actual_cb': True}]",1618170925816,1618170945297,19481,25-39,Female,Bachelors,17,11-20,novice,2,not_colorblind,1618170964466,1618171092221,127755,a,d,b,d,b,e,a,c,d,e,9,1,0,1618171095746,1618171131777,36031,c,b,a,e,e,a,b,b,b,d,5,5,0,1618171131782,333893,No comment,0,0,0,140,0,12.5,1,12,0
33,kndl4hw9,1618170818829,middleStatic,1618170848241,1618170860695,12454,true positive,true positive,50,52,"[{'you_test_cb': False, 'you_actual_cb': False}, {'you_test_cb': True, 'you_actual_cb': False}, {'you_test_cb': True, 'you_actual_cb': True}]",1618170863961,1618170881414,17453,25-39,Male,Masters,15,11-20,expert,4,not_colorblind,1618170894208,1618170910776,16568,d,b,d,d,c,d,c,c,d,c,2,8,0,1618170916113,1618170935059,18946,d,d,c,c,d,d,c,c,b,d,0,10,0,1618170935064,116235,good,0,0,0,20,0,-2.5,1,2,0
34,kndl3dcg,1618170765274,worseStatic,1618170963233,1618171069058,105825,true positive,true positive,60,59,"[{'you_test_cb': False, 'you_actual_cb': False}, {'you_test_cb': True, 'you_actual_cb': False}, {'you_test_cb': False, 'you_actual_cb': False}, {'you_test_cb': True, 'you_actual_cb': False}, {'you_test_cb': False, 'you_actual_cb': False}, {'you_test_cb': False, 'you_actual_cb': True}, {'you_test_cb': False, 'you_actual_cb': False}]",1618171080425,1618171123911,43486,25-39,Male,R,17,51-60,R,R,not_colorblind,1618171194961,1618171326857,131896,a,c,e,d,b,e,b,c,d,a,5,5,0,1618171329295,1618171449481,120186,b,b,a,e,e,a,e,a,b,e,5,5,0,1618171449483,684209,"A little confusing at times. Overall, solid.",0,0,0,100,0,7.5,1,6,0
35,kndl2y6m,1618170746595,worseStatic,1618171008010,1618171018433,10423,true positive,true positive,50,0,"[{'you_test_cb': False, 'you_actual_cb': False}]",1618171022186,1618171036002,13816,40-49,Male,Bachelors,19,21-30,intermediate,5,not_colorblind,1618171092558,1618171100696,8138,d,e,e,e,d,e,e,d,e,e,0,10,0,1618171107709,1618171158332,50623,b,b,d,c,c,d,d,b,e,d,1,9,0,1618171158342,411747,good,0,0,0,10,0,-3.75,0,0,0
36,kndle3vs,1618171267183,middleStatic,1618171287693,1618171297980,10287,true positive,true positive,150,100,"[{'you_test_cb': False, 'you_actual_cb': False}, {'you_test_cb': True, 'you_actual_cb': False}, {'you_test_cb': True, 'you_actual_cb': True}]",1618171300959,1618171349566,48607,25-39,Male,Masters,17,21-30,high-intermediate,4,not_colorblind,1618171354409,1618171368592,14183,c,d,c,c,d,c,c,d,c,b,1,9,0,1618171379600,1618171392399,12799,c,d,c,b,b,c,c,b,a,a,2,8,0,1618171392404,125221,goodA1NLXD111QHDKZ,0,0,0,30,0,-1.25,1,2,0
37,kndle0ku,1618171263493,middleStatic,1618171421141,1618171430335,9194,true positive,true positive,150,100,"[{'you_test_cb': False, 'you_actual_cb': False}, {'you_test_cb': False, 'you_actual_cb': True}, {'you_test_cb': True, 'you_actual_cb': True}]",1618171433845,1618171445774,11929,25-39,Male,Masters,15,11-20,high-intermediate,5,not_colorblind,1618171452227,1618171460795,8568,b,c,d,c,b,d,c,b,c,b,0,10,0,1618171577149,1618171586733,9584,b,b,b,c,e,c,a,e,d,d,2,8,0,1618171586740,323247,good,0,0,0,20,0,-2.5,1,2,0
38,kndlhhna,1618171425024,betterStatic,1618171453326,1618171461899,8573,true positive,true positive,55,0,"[{'you_test_cb': False, 'you_actual_cb': False}]",1618171465671,1618171490243,24572,25-39,Male,Bachelors,19,31-40,intermediate,R,not_colorblind,1618171505884,1618171513701,7817,d,e,e,d,e,e,d,e,e,e,0,10,0,1618171531109,1618171539427,8318,c,e,d,e,e,e,d,e,e,d,2,8,0,1618171539439,114415,GOOD,0,0,0,20,0,-2.5,0,0,0
39,kndlhkvt,1618171429197,worseStatic,1618171467633,1618171501911,34278,true positive,true positive,55,0,"[{'you_test_cb': False, 'you_actual_cb': False}]",1618171506513,1618171526226,19713,25-39,Male,Bachelors,21,21-30,intermediate,R,not_colorblind,1618171532418,1618171547908,15490,d,e,e,d,e,e,d,e,e,d,3,7,0,1618171554988,1618171568651,13663,d,e,e,d,e,d,e,e,d,e,2,8,0,1618171568656,139459,good,0,0,0,50,0,1.25,0,0,0
40,kndlklc2,1618171568887,middleStatic,1618171604362,1618171650917,46555,false positive,true positive,10,-19,"[{'you_test_cb': False, 'you_actual_cb': False}, {'you_test_cb': True, 'you_actual_cb': False}]",1618171655865,1618171684401,28536,18-24,Female,Bachelors,15,11-20,intermediate,3,colorblind,1618171697080,1618171733440,36360,c,d,c,b,a,c,e,d,c,e,2,8,0,1618171737568,1618171770830,33262,b,d,e,c,a,d,d,e,c,a,0,10,0,1618171770836,201949,good,0,0,0,20,0,-2.5,1,1,0
41,kndlkukm,1618171582032,middleStatic,1618171613441,1618171702065,88624,true negative,true negative,60,42,"[{'you_test_cb': False, 'you_actual_cb': False}, {'you_test_cb': True, 'you_actual_cb': False}, {'you_test_cb': True, 'you_actual_cb': True}]",1618171708447,1618171751887,43440,40-49,Female,Bachelors,21,21-30,intermediate,4,not_colorblind,1618171760369,1618171788468,28099,c,d,c,d,d,d,c,d,d,d,2,8,0,1618171794343,1618171823191,28848,d,c,d,c,d,d,c,d,d,d,2,8,0,1618171823195,241163,good,0,0,0,40,0,0.0,1,2,0
42,kndlkp8d,1618171575272,worseStatic,1618171653174,1618171661810,8636,true positive,true positive,150,100,"[{'you_test_cb': False, 'you_actual_cb': False}, {'you_test_cb': True, 'you_actual_cb': False}, {'you_test_cb': True, 'you_actual_cb': True}]",1618171667332,1618171681319,13987,25-39,Male,Masters,13,11-20,high-intermediate,4,not_colorblind,1618171690313,1618171703952,13639,d,d,d,b,b,c,c,b,b,b,2,8,0,1618171710000,1618171724105,14105,,d,c,c,c,d,b,a,c,c,1,8,1,1618171724113,148841,good,0,0,0,30,0,-1.0,1,2,0
43,kndlns1e,1618171718401,worseStatic,1618171738974,1618171790297,51323,false positive,false positive,1,1,"[{'you_test_cb': False, 'you_actual_cb': False}, {'you_test_cb': True, 'you_actual_cb': False}, {'you_test_cb': True, 'you_actual_cb': True}, {'you_test_cb': True, 'you_actual_cb': False}, {'you_test_cb': True, 'you_actual_cb': True}, {'you_test_cb': False, 'you_actual_cb': True}, {'you_test_cb': True, 'you_actual_cb': True}]",1618171796818,1618171871427,74609,25-39,Male,Bachelors,13,31-40,expert,3,not_colorblind,1618171880268,1618172061287,181019,c,,,,,,,,,,0,1,9,1618172094268,1618172124111,29843,d,c,d,c,d,c,d,e,d,d,1,9,0,1618172124118,405717,kndlns1e,0,0,0,10,0,-1.5,1,6,0
44,kndlpps2,1618171808769,betterStatic,1618171821231,1618171833119,11888,true positive,true positive,30,50,"[{'you_test_cb': False, 'you_actual_cb': False}, {'you_test_cb': False, 'you_actual_cb': True}, {'you_test_cb': True, 'you_actual_cb': True}]",1618171836695,1618171847912,11217,25-39,Male,Bachelors,13,11-20,high-intermediate,5,not_colorblind,1618171861631,1618171875965,14334,c,c,c,b,b,e,b,a,c,e,3,7,0,1618171881402,1618171890472,9070,b,b,a,e,b,b,b,e,a,a,4,6,0,1618171890477,81708,good,0,0,0,70,0,3.75,1,2,0
45,kndlrkzb,1618171894888,middleStatic,1618171940669,1618172003460,62791,true positive,true positive,56,55,"[{'you_test_cb': False, 'you_actual_cb': False}, {'you_test_cb': True, 'you_actual_cb': False}, {'you_test_cb': True, 'you_actual_cb': True}]",1618172008159,1618172024961,16802,25-39,Male,Bachelors,17,31-40,intermediate,4,not_colorblind,1618172034540,1618172144734,110194,a,b,c,a,a,e,b,e,a,c,2,8,0,1618172147042,1618172171599,24557,c,c,e,b,c,b,a,b,d,d,2,8,0,1618172171603,276715,All good and interesting,0,0,0,40,0,0.0,1,2,0
46,kndlvy4r,1618172099468,middleStatic,1618172119345,1618172194987,75642,true negative,true negative,61,61,"[{'you_test_cb': False, 'you_actual_cb': False}]",1618172199428,1618172232120,32692,25-39,Female,Bachelors,19,21-30,intermediate,5,not_colorblind,1618172238280,1618172256409,18129,c,d,c,c,c,c,c,c,c,d,2,8,0,1618172262365,1618172278472,16107,e,c,d,b,e,c,c,c,d,c,2,8,0,1618172278477,179009,Great,0,0,0,40,0,0.0,0,0,0
47,kndlymcs,1618172223305,middleStatic,1618172303897,1618172362831,58934,false positive,false positive,56,30,"[{'you_test_cb': False, 'you_actual_cb': False}, {'you_test_cb': True, 'you_actual_cb': False}, {'you_test_cb': False, 'you_actual_cb': False}, {'you_test_cb': True, 'you_actual_cb': False}, {'you_test_cb': False, 'you_actual_cb': False}, {'you_test_cb': False, 'you_actual_cb': True}, {'you_test_cb': True, 'you_actual_cb': True}, {'you_test_cb': False, 'you_actual_cb': True}]",1618172370046,1618172391056,21010,50-59,Male,High School,21,21-30,intermediate,3,not_colorblind,1618172472466,1618172603600,131134,a,d,b,d,d,e,d,c,c,b,6,4,0,1618172609553,1618172685376,75823,c,b,a,e,b,b,e,d,a,b,7,3,0,1618172685385,462080,no comments,0,0,0,130,0,11.25,1,7,0
48,kndm053z,1618172294731,middleStatic,1618172330386,1618172415380,84994,false negative,false negative,22,-15,"[{'you_test_cb': False, 'you_actual_cb': False}, {'you_test_cb': False, 'you_actual_cb': True}, {'you_test_cb': True, 'you_actual_cb': True}]",1618172419147,1618172495283,76136,25-39,Male,Bachelors,R,gt60,intermediate,4,colorblind,1618172504994,1618172534296,29302,c,d,c,d,b,d,c,d,b,d,3,7,0,1618172540195,1618172577029,36834,c,d,b,d,c,d,c,d,b,d,2,8,0,1618172577032,282301,good,0,0,0,50,0,1.25,1,2,0
49,kndm0ix7,1618172312121,worseStatic,1618172323345,1618172349358,26013,true positive,true positive,80,56,"[{'you_test_cb': False, 'you_actual_cb': False}, {'you_test_cb': True, 'you_actual_cb': False}]",1618172351829,1618172367070,15241,25-39,Male,Bachelors,dontknow,R,R,R,R,1618172370536,1618172377754,7218,b,d,b,e,b,b,d,c,b,d,4,6,0,1618172379497,1618172385848,6351,b,b,c,c,c,b,d,b,c,b,1,9,0,1618172385852,73731,N/a,0,1,1,60,0,1.25,1,1,0
50,kndlz26w,1618172243731,worseStatic,1618172379481,1618172555389,175908,true positive,true positive,60,59,"[{'you_test_cb': False, 'you_actual_cb': False}, {'you_test_cb': True, 'you_actual_cb': False}, {'you_test_cb': True, 'you_actual_cb': True}]",1618172562360,1618172740163,177803,60 ,Male,Bachelors,21,11-20,high-intermediate,3,not_colorblind,1618172832870,1618173013869,180999,a,d,e,d,b,,,,,,4,1,5,1618173016679,1618173197678,180999,c,b,a,a,,a,d,,,,4,2,4,1618173197680,953949,The  folding instruction illustrations were confusing.,0,0,0,80,0,7.25,1,2,0
51,kndly9t9,1618172209174,middleStatic,1618172447403,1618172611024,163621,true positive,true positive,57,80,"[{'you_test_cb': False, 'you_actual_cb': False}, {'you_test_cb': True, 'you_actual_cb': False}, {'you_test_cb': True, 'you_actual_cb': True}]",1618172626853,1618172667392,40539,25-39,Male,Bachelors,13,11-20,intermediate,4,not_colorblind,1618172768762,1618172828634,59872,e,b,c,a,e,b,c,b,a,a,0,10,0,1618172834845,1618172885087,50242,c,d,c,d,c,d,c,d,c,e,2,8,0,1618172885094,675920,Good,1,0,1,30,0,-2.5,1,2,0
52,kndlzca6,1618172256884,worseStatic,1618172497848,1618172615654,117806,true positive,true positive,57,56,"[{'you_test_cb': False, 'you_actual_cb': False}, {'you_test_cb': True, 'you_actual_cb': False}, {'you_test_cb': False, 'you_actual_cb': False}, {'you_test_cb': True, 'you_actual_cb': False}, {'you_test_cb': True, 'you_actual_cb': True}, {'you_test_cb': True, 'you_actual_cb': False}, {'you_test_cb': False, 'you_actual_cb': False}, {'you_test_cb': True, 'you_actual_cb': False}, {'you_test_cb': True, 'you_actual_cb': True}]",1618172619754,1618172645910,26156,50-59,Male,High School,17,31-40,low-intermediate,2,not_colorblind,1618172702567,1618172883566,180999,c,d,e,c,d,e,e,,,,2,5,3,1618172886438,1618173001580,115142,c,b,a,e,b,d,d,b,b,d,5,5,0,1618173001584,744700,I enjoyed the paper folding test!,1,1,2,90,1,4.5,1,8,0
53,kndm01y0,1618172290247,worseStatic,1618172536826,1618172837449,300623,true positive,true positive,60,56,"[{'you_test_cb': False, 'you_actual_cb': False}, {'you_test_cb': True, 'you_actual_cb': False}, {'you_test_cb': True, 'you_actual_cb': True}, {'you_test_cb': True, 'you_actual_cb': False}, {'you_test_cb': True, 'you_actual_cb': True}]",1618172842359,1618172870496,28137,60 ,Male,Bachelors,17,51-60,low-intermediate,2,not_colorblind,1618172919204,1618173090318,171114,a,d,c,c,b,e,b,c,c,e,6,4,0,1618173092599,1618173273612,181013,c,b,a,e,e,b,d,b,b,,4,5,1,1618173273616,983369,none,0,1,1,110,0,7.75,1,4,0
54,kndm2eka,1618172399754,middleStatic,1618172459371,1618172525320,65949,true positive,true positive,57,56,"[{'you_test_cb': False, 'you_actual_cb': False}, {'you_test_cb': True, 'you_actual_cb': False}, {'you_test_cb': True, 'you_actual_cb': True}]",1618172529684,1618172552106,22422,40-49,Male,High School,23 or larger,41-50,intermediate,1,not_colorblind,1618172564708,1618172745714,181006,a,c,b,d,b,e,b,c,c,e,7,3,0,1618172748065,1618172880304,132239,c,b,a,e,e,a,e,c,a,a,6,4,0,1618172880308,480554,thank you,1,1,2,150,1,11.25,1,2,0
55,kndm427m,1618172477505,middleStatic,1618172498894,1618172569566,70672,true positive,true positive,19,56,"[{'you_test_cb': False, 'you_actual_cb': False}, {'you_test_cb': False, 'you_actual_cb': True}]",1618172573215,1618172661914,88699,25-39,Male,Masters,17,R,high-intermediate,5,colorblind,1618172697523,1618172723434,25911,d,c,e,d,,c,d,e,d,c,1,8,1,1618172728071,1618172781095,53024,b,c,,c,,d,d,b,d,c,2,6,2,1618172781101,303596,I LIKE THIS SURVEY,0,1,1,40,0,-0.5,1,1,0
56,kndm5o1z,1618172552868,worseStatic,1618172647388,1618172691717,44329,true negative,true negative,56,24,"[{'you_test_cb': False, 'you_actual_cb': False}]",1618172696840,1618172719171,22331,25-39,Male,Bachelors,13,21-30,intermediate,4,not_colorblind,1618172736564,1618172757332,20768,b,c,c,b,b,c,d,d,c,c,1,9,0,1618172762112,1618172777003,14891,a,b,c,c,d,d,c,b,c,d,1,9,0,1618172777015,224147,GOOD  SURVEY,0,0,0,20,0,-2.5,0,0,0
57,kndm5i8c,1618172545578,worseStatic,1618172567478,1618172591757,24279,true positive,true positive,6,90,"[{'you_test_cb': False, 'you_actual_cb': False}, {'you_test_cb': True, 'you_actual_cb': False}]",1618172596941,1618172625683,28742,25-39,Female,Masters,13,41-50,expert,R,colorblind,1618172631574,1618172643021,11447,d,d,d,e,d,e,e,d,e,d,0,10,0,1618172648582,1618172660390,11808,c,c,c,c,d,d,c,d,c,c,3,7,0,1618172660394,114816,Good survey,0,0,0,30,0,-1.25,1,1,0
58,kndm9r15,1618172744126,betterStatic,1618172865491,1618173160429,294938,true negative,true positive,56,57,"[{'you_test_cb': False, 'you_actual_cb': False}, {'you_test_cb': True, 'you_actual_cb': False}]",1618173173263,1618173244565,71302,40-49,Male,Bachelors,dontknow,31-40,expert,5,not_colorblind,1618173282969,1618173404003,121034,a,d,c,d,a,e,,c,c,d,5,4,1,1618173411952,1618173538299,126347,c,b,a,b,a,a,d,d,d,d,6,4,0,1618173538308,794182,great task it is really help to improve reasoning problems.,0,0,0,110,0,9.0,1,1,0
59,kndm6h25,1618172591095,worseStatic,1618172691883,1618172733691,41808,true positive,true positive,100,50,"[{'you_test_cb': False, 'you_actual_cb': False}, {'you_test_cb': False, 'you_actual_cb': True}, {'you_test_cb': True, 'you_actual_cb': True}, {'you_test_cb': True, 'you_actual_cb': False}]",1618172739034,1618172778362,39328,60 ,Male,Bachelors,11,31-40,intermediate,4,not_colorblind,1618172787737,1618172824633,36896,c,d,c,b,d,c,e,c,d,c,2,8,0,1618172830831,1618172859177,28346,c,d,c,d,c,d,c,d,c,d,2,8,0,1618172859180,268085,Good,0,0,0,40,0,0.0,1,3,0
60,kndm8bof,1618172675875,middleStatic,1618172710837,1618172764750,53913,true positive,true positive,6,3,"[{'you_test_cb': False, 'you_actual_cb': False}, {'you_test_cb': True, 'you_actual_cb': False}, {'you_test_cb': True, 'you_actual_cb': True}]",1618172766659,1618172783439,16780,25-39,Male,PhD,19,31-40,expert,5,colorblind,1618172787039,1618172865049,78010,d,d,e,d,e,d,e,d,e,d,3,7,0,1618172868046,1618172888786,20740,e,d,e,e,d,e,d,e,d,e,2,8,0,1618172888788,212913,GOOD,0,0,0,50,0,1.25,1,2,0
61,kndmdnwh,1618172925340,middleStatic,1618172978170,1618173121435,143265,true positive,true positive,56,55,"[{'you_test_cb': False, 'you_actual_cb': False}, {'you_test_cb': True, 'you_actual_cb': False}, {'you_test_cb': False, 'you_actual_cb': False}, {'you_test_cb': False, 'you_actual_cb': True}, {'you_test_cb': False, 'you_actual_cb': False}, {'you_test_cb': True, 'you_actual_cb': False}, {'you_test_cb': False, 'you_actual_cb': False}, {'you_test_cb': True, 'you_actual_cb': False}, {'you_test_cb': False, 'you_actual_cb': False}, {'you_test_cb': False, 'you_actual_cb': True}, {'you_test_cb': False, 'you_actual_cb': False}, {'you_test_cb': False, 'you_actual_cb': True}, {'you_test_cb': False, 'you_actual_cb': False}, {'you_test_cb': False, 'you_actual_cb': True}, {'you_test_cb': False, 'you_actual_cb': False}, {'you_test_cb': False, 'you_actual_cb': True}, {'you_test_cb': False, 'you_actual_cb': False}, {'you_test_cb': False, 'you_actual_cb': True}, {'you_test_cb': False, 'you_actual_cb': False}, {'you_test_cb': True, 'you_actual_cb': False}, {'you_test_cb': True, 'you_actual_cb': True}]",1618173127535,1618173150315,22780,25-39,Male,High School,19,21-30,low-intermediate,2,not_colorblind,1618173320748,1618173501755,181007,a,a,d,d,d,,,,,,2,3,5,1618173503937,1618173684950,181013,c,b,a,e,,a,d,,d,,6,1,3,1618173684966,759626,"Interesting and challenging study, thank you.",0,0,0,80,0,7.0,1,20,0
62,kndme1mg,1618172943675,middleStatic,1618172974748,1618172997460,22712,true positive,true positive,2,2,"[{'you_test_cb': False, 'you_actual_cb': False}, {'you_test_cb': True, 'you_actual_cb': False}]",1618173005525,1618173027675,22150,25-39,Male,Masters,17,6-10,expert,2,not_colorblind,1618173035771,1618173049355,13584,e,e,d,d,e,e,e,e,d,e,3,7,0,1618173052864,1618173061951,9087,c,d,e,d,e,e,d,e,e,d,1,9,0,1618173061965,118290,GOOD,0,0,0,40,0,0.0,1,1,0
63,kndmebkb,1618172956730,worseStatic,1618173013280,1618173059738,46458,false positive,false positive,2,1,"[{'you_test_cb': False, 'you_actual_cb': False}]",1618173066640,1618173097263,30623,50-59,Female,Masters,15,21-30,intermediate,4,colorblind,1618173103992,1618173155311,51319,d,e,e,d,e,d,c,e,c,d,1,9,0,1618173159142,1618173187705,28563,b,d,e,d,e,d,e,d,e,d,2,8,0,1618173187712,230982,NO COMMENT,0,0,0,30,0,-1.25,0,0,0
64,kndmh7b8,1618173090131,worseStatic,1618173098285,1618173110797,12512,true negative,true negative,-1,1,"[{'you_test_cb': False, 'you_actual_cb': False}]",1618173115805,1618173137756,21951,50-59,Male,Bachelors,15,21-30,intermediate,3,not_colorblind,1618173146691,1618173205114,58423,e,b,d,d,c,d,d,e,b,d,1,9,0,1618173224871,1618173244619,19748,d,d,d,e,b,e,e,b,d,d,4,6,0,1618173244627,154496,good,0,0,0,50,0,1.25,0,0,0
65,kndmhy05,1618173124730,worseStatic,1618173208751,1618173214240,5489,true negative,true negative,1,2,"[{'you_test_cb': False, 'you_actual_cb': False}]",1618173220171,1618173235231,15060,50-59,Male,PhD,15,11-20,high-intermediate,3,not_colorblind,1618173250865,1618173295430,44565,a,e,d,c,c,e,d,c,e,c,4,6,0,1618173337954,1618173363408,25454,d,d,e,d,e,d,d,e,c,d,0,10,0,1618173363415,238685,goosd,0,0,0,40,0,0.0,0,0,0
66,kndmie1n,1618173145539,worseStatic,1618173224822,1618173247390,22568,true positive,true positive,57,56,"[{'you_test_cb': False, 'you_actual_cb': False}, {'you_test_cb': True, 'you_actual_cb': False}, {'you_test_cb': False, 'you_actual_cb': False}, {'you_test_cb': False, 'you_actual_cb': True}, {'you_test_cb': False, 'you_actual_cb': False}, {'you_test_cb': True, 'you_actual_cb': False}, {'you_test_cb': True, 'you_actual_cb': True}]",1618173256265,1618173278693,22428,25-39,Female,Masters,13,6-10,intermediate,2,not_colorblind,1618173321799,1618173422062,100263,a,d,b,d,b,e,c,c,a,d,7,3,0,1618173423992,1618173501543,77551,c,b,a,a,b,a,e,d,b,c,8,2,0,1618173501549,356010,"I enjoyed this survey, it was very challenging!",1,1,2,170,1,13.75,1,6,0
67,kndmnm04,1618173390977,middleStatic,1618173427533,1618173457257,29724,true negative,true positive,100,50,"[{'you_test_cb': False, 'you_actual_cb': False}]",1618173748030,1618173775038,27008,25-39,Male,Bachelors,11,31-40,intermediate,4,R,1618173827197,1618173912645,85448,a,b,e,d,d,d,c,d,c,d,2,8,0,1618173916781,1618174005088,88307,c,d,c,c,a,d,d,c,c,d,1,9,0,1618174005096,614119,GOOD,0,0,0,30,0,-1.25,0,0,0
68,kne6gm2r,1618206655062,worseStatic,1618206793412,1618206861993,68581,true positive,true positive,57,56,"[{'you_test_cb': False, 'you_actual_cb': False}, {'you_test_cb': True, 'you_actual_cb': False}, {'you_test_cb': False, 'you_actual_cb': False}, {'you_test_cb': True, 'you_actual_cb': False}, {'you_test_cb': False, 'you_actual_cb': False}, {'you_test_cb': False, 'you_actual_cb': True}, {'you_test_cb': False, 'you_actual_cb': False}, {'you_test_cb': True, 'you_actual_cb': False}, {'you_test_cb': True, 'you_actual_cb': True}]",1618206869451,1618206900828,31377,60 ,Male,PhD,19,6-10,high-intermediate,4,not_colorblind,1618206969246,1618207150533,181287,a,d,b,d,b,,,,,,5,0,5,1618207153824,1618207334939,181115,c,e,a,e,c,a,e,c,,,5,3,2,1618207334945,679883,My old brain was stretched a bit on the multifolds.,1,1,2,120,1,9.25,1,8,0
69,kndmsqtl,1618173631314,worseStatic,1618173825494,1618173932704,107210,true positive,true positive,81,19,"[{'you_test_cb': False, 'you_actual_cb': False}, {'you_test_cb': True, 'you_actual_cb': False}, {'you_test_cb': True, 'you_actual_cb': True}]",1618173951261,1618174003964,52703,25-39,Female,Masters,15,11-20,intermediate,3,not_colorblind,1618174130362,1618174274168,143806,a,a,a,b,e,c,c,a,d,e,2,8,0,1618174301029,1618174390702,89673,a,a,d,e,d,d,d,d,c,d,2,8,0,1618174390706,759392,Satisfactory,0,0,0,40,0,0.0,1,2,0
70,kndn37rk,1618174117424,middleStatic,1618174205255,1618174308835,103580,true positive,true positive,57,56,"[{'you_test_cb': False, 'you_actual_cb': False}, {'you_test_cb': True, 'you_actual_cb': False}, {'you_test_cb': True, 'you_actual_cb': True}, {'you_test_cb': False, 'you_actual_cb': True}, {'you_test_cb': False, 'you_actual_cb': False}, {'you_test_cb': True, 'you_actual_cb': False}, {'you_test_cb': True, 'you_actual_cb': True}]",1618174312349,1618174341516,29167,R,R,Bachelors,15,11-20,intermediate,2,not_colorblind,1618174384055,1618174565067,181012,a,a,c,d,,e,c,c,d,e,5,4,1,1618174568117,1618174734807,166690,c,e,a,e,e,a,e,c,d,d,6,4,0,1618174734815,617391,"My internet has been a little spotty today so on the first paper folding task, number 5 did not load for me.  The rest of the HIT loaded correctly.",1,1,2,130,1,9.0,1,6,0
71,kndn4qat,1618174187847,betterStatic,1618174308814,1618174396077,87263,true positive,true positive,57,56,"[{'you_test_cb': False, 'you_actual_cb': False}]",1618174405469,1618174435949,30480,60 ,Male,Bachelors,13,41-50,intermediate,2,not_colorblind,1618174507195,1618174688748,181553,a,d,b,d,b,e,d,c,,e,8,1,1,1618174697478,1618174878992,181514,c,b,a,e,e,a,b,c,d,a,6,4,0,1618174878997,691150,Whew!,1,1,2,160,1,12.75,0,0,0
72,kndnaqcc,1618174472231,middleStatic,1618174561520,1618174824487,262967,false positive,false positive,57,46,"[{'you_test_cb': False, 'you_actual_cb': False}, {'you_test_cb': True, 'you_actual_cb': False}, {'you_test_cb': False, 'you_actual_cb': False}, {'you_test_cb': False, 'you_actual_cb': True}, {'you_test_cb': True, 'you_actual_cb': True}, {'you_test_cb': False, 'you_actual_cb': True}, {'you_test_cb': True, 'you_actual_cb': True}, {'you_test_cb': True, 'you_actual_cb': False}]",1618174833511,1618174875501,41990,60 ,Male,Masters,17,6-10,novice,1,not_colorblind,1618174960097,1618175141104,181007,a,c,,,b,,,c,,,3,1,6,1618175144899,1618175268074,123175,c,b,d,e,e,a,a,c,b,a,4,6,0,1618175268085,795854,I found this study to be very confusing and found it hard to visualize the folding of the paper with your diagrams.,1,0,1,80,0,5.25,1,7,0
73,kndnbeo5,1618174500703,betterStatic,1618174678221,1618174787660,109439,false negative,false negative,2,5,"[{'you_test_cb': False, 'you_actual_cb': False}]",1618174837261,1618175294597,457336,40-49,Male,Masters,17,31-40,high-intermediate,5,not_colorblind,1618175300688,1618175342085,41397,a,b,c,d,e,d,c,d,e,d,3,7,0,1618175358608,1618175380109,21501,c,d,e,d,c,d,e,d,c,d,3,7,0,1618175380118,879415,NICE,0,0,0,60,0,2.5,0,0,0
74,kndni04j,1618174808953,betterStatic,1618174820985,1618174841433,20448,true positive,true positive,100,50,"[{'you_test_cb': False, 'you_actual_cb': False}]",1618174844779,1618174863889,19110,50-59,Female,Bachelors,11,31-40,intermediate,4,R,1618174871360,1618174934561,63201,c,c,e,a,d,c,d,d,b,d,0,10,0,1618174940288,1618174970696,30408,d,d,b,c,d,d,d,c,d,c,2,8,0,1618174970704,161751,GOOD,0,0,0,20,0,-2.5,0,0,0
75,kndnmrby,1618175028978,worseStatic,1618175137542,1618175264438,126896,true positive,true positive,56,57,"[{'you_test_cb': False, 'you_actual_cb': False}, {'you_test_cb': True, 'you_actual_cb': False}, {'you_test_cb': False, 'you_actual_cb': False}, {'you_test_cb': False, 'you_actual_cb': True}, {'you_test_cb': False, 'you_actual_cb': False}, {'you_test_cb': True, 'you_actual_cb': False}, {'you_test_cb': True, 'you_actual_cb': True}, {'you_test_cb': True, 'you_actual_cb': False}, {'you_test_cb': True, 'you_actual_cb': True}, {'you_test_cb': True, 'you_actual_cb': False}, {'you_test_cb': True, 'you_actual_cb': True}, {'you_test_cb': True, 'you_actual_cb': False}]",1618175271204,1618175291553,20349,25-39,Male,High School,23 or larger,41-50,novice,1,not_colorblind,1618175309193,1618175440630,131437,a,a,e,b,a,c,b,c,d,,2,7,1,1618175444169,1618175521225,77056,b,b,a,e,b,,b,a,b,a,4,5,1,1618175521227,492249,Very interesting test.,0,0,0,60,0,3.0,1,11,0
76,kndnwhiy,1618175483840,middleStatic,1618175537996,1618175615688,77692,true positive,true positive,57,56,"[{'you_test_cb': False, 'you_actual_cb': False}, {'you_test_cb': False, 'you_actual_cb': True}, {'you_test_cb': False, 'you_actual_cb': False}, {'you_test_cb': True, 'you_actual_cb': False}, {'you_test_cb': False, 'you_actual_cb': False}, {'you_test_cb': True, 'you_actual_cb': False}, {'you_test_cb': False, 'you_actual_cb': False}, {'you_test_cb': False, 'you_actual_cb': True}, {'you_test_cb': False, 'you_actual_cb': False}, {'you_test_cb': False, 'you_actual_cb': True}]",1618175620432,1618175638906,18474,18-24,Female,High School,dontknow,gt60,intermediate,2,colorblind,1618175669211,1618175850226,181015,a,d,c,d,b,e,a,c,,e,8,1,1,1618175852553,1618176023969,171416,c,b,a,e,a,a,,,a,,5,2,3,1618176023985,540145,I had no technical difficulties with the study.,1,1,2,150,1,12.25,1,9,0
77,kndo4fit,1618175853597,worseStatic,1618175968224,1618176168986,200762,true positive,true positive,57,56,"[{'you_test_cb': False, 'you_actual_cb': False}, {'you_test_cb': True, 'you_actual_cb': False}, {'you_test_cb': False, 'you_actual_cb': False}, {'you_test_cb': True, 'you_actual_cb': False}, {'you_test_cb': False, 'you_actual_cb': False}, {'you_test_cb': True, 'you_actual_cb': False}, {'you_test_cb': True, 'you_actual_cb': True}, {'you_test_cb': True, 'you_actual_cb': False}, {'you_test_cb': True, 'you_actual_cb': True}, {'you_test_cb': True, 'you_actual_cb': False}, {'you_test_cb': True, 'you_actual_cb': True}, {'you_test_cb': False, 'you_actual_cb': True}, {'you_test_cb': True, 'you_actual_cb': True}, {'you_test_cb': True, 'you_actual_cb': False}, {'you_test_cb': False, 'you_actual_cb': False}, {'you_test_cb': True, 'you_actual_cb': False}]",1618176172932,1618176206282,33350,25-39,Male,Bachelors,15,11-20,low-intermediate,2,not_colorblind,1618176260673,1618176441681,181008,a,d,b,d,b,e,d,c,d,,7,2,1,1618176446206,1618176603180,156974,c,b,a,e,b,e,e,a,a,b,6,4,0,1618176603190,749593,This study caused me to think about where the holes were in the paper more than I thought. It was as fun study!,1,1,2,150,1,11.5,1,15,0
78,kndo4drr,1618175851668,middleStatic,1618176009767,1618176063637,53870,true positive,true positive,57,20,"[{'you_test_cb': False, 'you_actual_cb': False}, {'you_test_cb': True, 'you_actual_cb': False}, {'you_test_cb': False, 'you_actual_cb': False}, {'you_test_cb': False, 'you_actual_cb': True}, {'you_test_cb': False, 'you_actual_cb': False}, {'you_test_cb': False, 'you_actual_cb': True}, {'you_test_cb': False, 'you_actual_cb': False}, {'you_test_cb': False, 'you_actual_cb': True}, {'you_test_cb': False, 'you_actual_cb': False}, {'you_test_cb': True, 'you_actual_cb': False}, {'you_test_cb': False, 'you_actual_cb': False}]",1618176069303,1618176095333,26030,40-49,Male,High School,23 or larger,11-20,novice,1,not_colorblind,1618176154358,1618176310970,156612,a,d,b,c,b,e,b,c,b,e,7,3,0,1618176313827,1618176487975,174148,c,e,a,e,b,a,e,a,d,b,7,3,0,1618176487979,636311,interesting,1,0,1,150,0,12.5,1,10,0
79,kndo76ds,1618175981906,betterStatic,1618176044745,1618176131758,87013,true positive,true positive,57,80,"[{'you_test_cb': False, 'you_actual_cb': False}, {'you_test_cb': False, 'you_actual_cb': True}, {'you_test_cb': True, 'you_actual_cb': True}, {'you_test_cb': True, 'you_actual_cb': False}]",1618176134585,1618176154278,19693,40-49,Female,High School,17,gt60,low-intermediate,2,not_colorblind,1618176194031,1618176295373,101342,a,a,e,a,d,c,c,a,b,a,1,9,0,1618176297794,1618176368452,70658,c,c,d,e,c,d,e,a,b,d,3,7,0,1618176368460,386554,"I think visualization can better help you understand the scope of the issue and rule out answers that don't fit,",1,0,1,50,0,0.0,1,3,0
80,kndo6fla,1618175947002,middleStatic,1618176008777,1618176181671,172894,true positive,true positive,57,0,"[{'you_test_cb': False, 'you_actual_cb': False}, {'you_test_cb': True, 'you_actual_cb': False}, {'you_test_cb': True, 'you_actual_cb': True}]",1618176186961,1618176203382,16421,25-39,Male,Bachelors,13,11-20,intermediate,4,not_colorblind,1618176215889,1618176237661,21772,c,c,b,c,b,c,b,b,c,b,2,8,0,1618176239781,1618176327332,87551,c,b,c,b,c,c,d,c,c,b,2,8,0,1618176327341,380339,It was a-ok survey. ,1,0,1,50,0,0.0,1,2,0
81,kndo6sc4,1618175963743,middleStatic,1618176108629,1618176176709,68080,true negative,true negative,56,56,"[{'you_test_cb': False, 'you_actual_cb': False}]",1618176180637,1618176194750,14113,25-39,Male,Bachelors,11,31-40,intermediate,3,not_colorblind,1618176226265,1618176254784,28519,b,c,b,c,b,b,c,b,c,b,2,8,0,1618176257827,1618176276839,19012,c,b,b,c,b,b,c,c,b,c,4,6,0,1618176276863,313120,I enjoyed the study,0,1,1,70,0,2.5,0,0,0
82,kndo7w8e,1618176015465,middleStatic,1618176248818,1618176645869,397051,false negative,false negative,56,55,"[{'you_test_cb': False, 'you_actual_cb': False}]",1618176657057,1618176705183,48126,50-59,Female,Bachelors,dontknow,41-50,low-intermediate,1,not_colorblind,1618176796222,1618176977241,181019,a,d,b,d,b,e,b,,,,6,1,3,1618176981458,1618177162471,181013,c,b,a,e,,a,e,,,,6,0,4,1618177162486,1147021,"That was fun.  The first page flipped before I could change my last answer to the correct one.  There were some drawings that didn't make sense to me on the second page, so I just skipped them.  Thanks for posting this online.  Good luck with your research!",0,0,0,120,0,11.75,0,0,0
83,kndoahbl,1618176135890,middleStatic,1618176278845,1618176446603,167758,true positive,true positive,80,54,"[{'you_test_cb': False, 'you_actual_cb': False}]",1618176462097,1618176630648,168551,60 ,Female,Masters,15,11-20,intermediate,2,not_colorblind,1618176732786,1618176913789,181003,a,d,b,d,a,e,,,,,5,1,4,1618176923609,1618177104614,181005,c,b,a,e,e,a,e,,d,a,7,2,1,1618177104622,968732,"interesting, would be nice if there was a countdown clock so we knew if we had time to figure it out",0,0,0,120,0,11.25,0,0,0
84,kndoburc,1618176200078,middleStatic,1618176291581,1618176427160,135579,true positive,true positive,56,40,"[{'you_test_cb': False, 'you_actual_cb': False}, {'you_test_cb': True, 'you_actual_cb': False}, {'you_test_cb': True, 'you_actual_cb': True}]",1618176440261,1618176477503,37242,60 ,Female,High School,15,41-50,low-intermediate,1,not_colorblind,1618176547579,1618176674723,127144,e,b,a,a,d,d,c,c,d,c,1,9,0,1618176678889,1618176793377,114488,c,c,d,e,c,b,d,b,b,e,2,8,0,1618176793381,593303,I found this very confusing,0,0,0,30,0,-1.25,1,2,0
85,kndocf4f,1618176226477,betterStatic,1618176342357,1618176400046,57689,true positive,true positive,100,56,"[{'you_test_cb': False, 'you_actual_cb': False}, {'you_test_cb': True, 'you_actual_cb': False}]",1618176415389,1618176448102,32713,40-49,Female,Masters,23 or larger,21-30,intermediate,3,not_colorblind,1618176474995,1618176592178,117183,c,c,c,c,a,d,e,c,d,e,2,8,0,1618176596441,1618176632200,35759,c,d,d,d,c,c,c,d,d,a,3,7,0,1618176632206,405729,No comment speechless,0,1,1,60,0,1.25,1,1,0
86,kndol5ou,1618176634317,betterStatic,1618176704692,1618176767949,63257,true negative,true negative,57,56,"[{'you_test_cb': False, 'you_actual_cb': False}]",1618176772787,1618176796177,23390,40-49,Female,Bachelors,15,41-50,high-intermediate,4,not_colorblind,1618176839821,1618176982568,142747,a,d,c,e,b,e,,c,b,e,6,3,1,1618176984957,1618177109509,124552,c,b,,e,b,a,a,b,a,a,5,4,1,1618177109521,475204,that was tedious,1,1,2,130,1,9.25,0,0,0
87,kndoluca,1618176665947,worseStatic,1618176787884,1618176918004,130120,true positive,true positive,57,56,"[{'you_test_cb': False, 'you_actual_cb': False}, {'you_test_cb': True, 'you_actual_cb': False}, {'you_test_cb': True, 'you_actual_cb': True}, {'you_test_cb': True, 'you_actual_cb': False}, {'you_test_cb': True, 'you_actual_cb': True}, {'you_test_cb': False, 'you_actual_cb': True}, {'you_test_cb': True, 'you_actual_cb': True}, {'you_test_cb': False, 'you_actual_cb': True}, {'you_test_cb': False, 'you_actual_cb': False}, {'you_test_cb': False, 'you_actual_cb': True}]",1618176925220,1618176951171,25951,60 ,Female,Bachelors,13,21-30,low-intermediate,2,not_colorblind,1618177047437,1618177228600,181163,a,a,,a,,,,,,,1,2,7,1618177288266,1618177469421,181155,c,e,a,e,e,a,e,,,,5,2,3,1618177469423,803476,Don't have much spatial reasoning!,1,1,2,80,1,5.0,1,9,0
88,kndon339,1618176723859,betterStatic,1618176762712,1618176877849,115137,true positive,true positive,80,56,"[{'you_test_cb': False, 'you_actual_cb': False}, {'you_test_cb': True, 'you_actual_cb': False}, {'you_test_cb': True, 'you_actual_cb': True}]",1618176881265,1618176902900,21635,25-39,Male,Bachelors,15,11-20,intermediate,3,not_colorblind,1618176911979,1618176976207,64228,d,,e,d,b,c,c,c,b,b,3,6,1,1618176979481,1618177017413,37932,b,b,d,e,e,d,d,c,c,d,2,8,0,1618177017426,293567,No feedback.,0,1,1,60,0,1.5,1,2,0
89,kndooxqq,1618176811684,worseStatic,1618177059625,1618177176783,117158,true positive,true positive,57,56,"[{'you_test_cb': False, 'you_actual_cb': False}, {'you_test_cb': True, 'you_actual_cb': False}, {'you_test_cb': True, 'you_actual_cb': True}]",1618177192735,1618177227528,34793,40-49,R,R,15,41-50,R,R,not_colorblind,1618177305087,1618177486099,181012,a,d,b,d,b,e,a,,,,7,0,3,1618177491102,1618177672103,181001,c,b,a,e,e,a,b,b,,,5,3,2,1618177672106,860422,Some of the visualization tasks were a bit challenging,1,1,2,140,1,11.25,1,2,0
90,kndoz3hs,1618177284266,betterStatic,1618177294391,1618177313623,19232,true positive,true positive,80,56,"[{'you_test_cb': False, 'you_actual_cb': False}, {'you_test_cb': True, 'you_actual_cb': False}]",1618177315226,1618177323191,7965,40-49,Male,Masters,13,gt60,high-intermediate,5,not_colorblind,1618177329543,1618177334042,4499,b,b,c,b,b,c,c,b,b,c,1,9,0,1618177335747,1618177340600,4853,c,b,c,b,c,b,c,b,c,c,3,7,0,1618177340604,56338,none,0,1,1,50,0,0.0,1,1,0
91,kndpju9d,1618178252551,betterStatic,1618178285194,1618178410908,125714,true positive,true positive,57,56,"[{'you_test_cb': False, 'you_actual_cb': False}, {'you_test_cb': True, 'you_actual_cb': False}, {'you_test_cb': True, 'you_actual_cb': True}, {'you_test_cb': True, 'you_actual_cb': False}, {'you_test_cb': False, 'you_actual_cb': False}, {'you_test_cb': True, 'you_actual_cb': False}, {'you_test_cb': True, 'you_actual_cb': True}]",1618178414444,1618178434964,20520,50-59,Female,Bachelors,21,51-60,intermediate,3,not_colorblind,1618178443400,1618178570052,126652,a,d,b,d,b,e,a,c,e,e,10,0,0,1618178573785,1618178754789,181004,c,b,,e,b,a,e,c,d,,7,1,2,1618178754791,502240,Long HIT for .80.,1,1,2,190,1,16.75,1,6,0
92,kndpje7p,1618178235708,middleStatic,1618178301893,1618178451439,149546,true positive,true positive,56,57,"[{'you_test_cb': False, 'you_actual_cb': False}, {'you_test_cb': True, 'you_actual_cb': False}, {'you_test_cb': True, 'you_actual_cb': True}, {'you_test_cb': True, 'you_actual_cb': False}]",1618178458880,1618178593705,134825,40-49,Female,Bachelors,dontknow,31-40,expert,4,not_colorblind,1618178607231,1618178690637,83406,a,d,e,a,a,e,a,c,d,b,5,5,0,1618178702497,1618178775471,72974,c,b,a,e,c,a,d,b,d,b,6,4,0,1618178775476,539768,great for improve reasoning,0,0,0,110,0,8.75,1,3,0
93,kndppqy4,1618178527791,worseStatic,1618178660728,1618178736458,75730,true positive,true positive,57,56,"[{'you_test_cb': False, 'you_actual_cb': False}, {'you_test_cb': True, 'you_actual_cb': False}, {'you_test_cb': True, 'you_actual_cb': True}]",1618178744217,1618178776073,31856,40-49,Male,Masters,13,51-60,high-intermediate,3,not_colorblind,1618178845229,1618179026229,181000,a,d,b,d,b,e,e,c,,,7,1,2,1618179029741,1618179210748,181007,c,b,a,e,b,a,e,c,,,7,1,2,1618179210757,682966,The problem of folding paper was quite challenging at times.,1,1,2,160,1,13.5,1,2,0
94,kndps1y3,1618178635538,worseStatic,1618178852971,1618178967041,114070,false positive,false positive,56,80,"[{'you_test_cb': False, 'you_actual_cb': False}, {'you_test_cb': True, 'you_actual_cb': False}, {'you_test_cb': False, 'you_actual_cb': False}, {'you_test_cb': False, 'you_actual_cb': True}, {'you_test_cb': False, 'you_actual_cb': False}, {'you_test_cb': True, 'you_actual_cb': False}, {'you_test_cb': False, 'you_actual_cb': False}, {'you_test_cb': False, 'you_actual_cb': True}, {'you_test_cb': False, 'you_actual_cb': False}, {'you_test_cb': False, 'you_actual_cb': True}, {'you_test_cb': False, 'you_actual_cb': False}, {'you_test_cb': True, 'you_actual_cb': False}, {'you_test_cb': False, 'you_actual_cb': False}, {'you_test_cb': True, 'you_actual_cb': False}, {'you_test_cb': False, 'you_actual_cb': False}, {'you_test_cb': True, 'you_actual_cb': False}, {'you_test_cb': False, 'you_actual_cb': False}, {'you_test_cb': False, 'you_actual_cb': True}, {'you_test_cb': False, 'you_actual_cb': False}, {'you_test_cb': True, 'you_actual_cb': False}, {'you_test_cb': False, 'you_actual_cb': False}, {'you_test_cb': False, 'you_actual_cb': True}, {'you_test_cb': False, 'you_actual_cb': False}]",1618178975633,1618179047892,72259,25-39,Male,High School,15,51-60,novice,1,not_colorblind,1618179099980,1618179280982,181002,a,d,b,d,b,e,b,,,,6,1,3,1618179285333,1618179466338,181005,c,b,a,e,a,a,b,,,,5,2,3,1618179466349,830811,The pay is somewhat on the low end based on the time involved.,0,0,0,110,0,10.25,1,22,0
95,kndqbper,1618179552487,betterStatic,1618179593020,1618179640526,47506,true positive,true positive,57,55,"[{'you_test_cb': False, 'you_actual_cb': False}, {'you_test_cb': True, 'you_actual_cb': False}, {'you_test_cb': True, 'you_actual_cb': True}]",1618179645711,1618179661276,15565,40-49,Female,Bachelors,15,gt60,low-intermediate,1,not_colorblind,1618179667278,1618179763292,96014,a,d,d,d,b,e,a,c,b,e,8,2,0,1618179764914,1618179909749,144835,c,b,a,e,e,a,e,c,a,c,7,3,0,1618179909763,357276,"Interesting folding test, brought me back to high school!",1,0,1,160,0,13.75,1,2,0
96,kndqbgs9,1618179541088,middleStatic,1618179742150,1618179968281,226131,true positive,true positive,57,56,"[{'you_test_cb': False, 'you_actual_cb': False}, {'you_test_cb': True, 'you_actual_cb': False}, {'you_test_cb': False, 'you_actual_cb': False}, {'you_test_cb': True, 'you_actual_cb': False}, {'you_test_cb': True, 'you_actual_cb': True}, {'you_test_cb': True, 'you_actual_cb': False}, {'you_test_cb': False, 'you_actual_cb': False}, {'you_test_cb': False, 'you_actual_cb': True}, {'you_test_cb': True, 'you_actual_cb': True}, {'you_test_cb': True, 'you_actual_cb': False}]",1618179973498,1618180001816,28318,40-49,Male,High School,15,11-20,intermediate,3,not_colorblind,1618180010783,1618180191786,181003,a,d,c,d,a,e,b,c,,,5,3,2,1618180194925,1618180306988,112063,,b,a,e,e,,e,c,d,b,5,3,2,1618180306994,765906,Nice to know if I was right or not.,1,1,2,120,1,8.5,1,9,0
97,knds9wa5,1618182827269,middleStatic,1618183833432,1618183952773,119341,true positive,true positive,56,24,"[{'you_test_cb': False, 'you_actual_cb': False}, {'you_test_cb': False, 'you_actual_cb': True}, {'you_test_cb': False, 'you_actual_cb': False}, {'you_test_cb': True, 'you_actual_cb': False}, {'you_test_cb': False, 'you_actual_cb': False}, {'you_test_cb': False, 'you_actual_cb': True}, {'you_test_cb': True, 'you_actual_cb': True}, {'you_test_cb': True, 'you_actual_cb': False}, {'you_test_cb': True, 'you_actual_cb': True}]",1618183957717,1618183998263,40546,18-24,Male,High School,15,6-10,low-intermediate,2,not_colorblind,1618184018543,1618184149792,131249,a,d,,b,b,e,c,c,,d,5,3,2,1618184152927,1618184240137,87210,c,,a,,d,e,a,b,d,a,3,5,2,1618184240140,1412871,Interesting survey.,0,0,0,80,0,6.0,1,8,0
98,kndwk348,1618190021337,worseStatic,1618190484109,1618190570369,86260,false positive,false positive,57,56,"[{'you_test_cb': False, 'you_actual_cb': False}, {'you_test_cb': True, 'you_actual_cb': False}, {'you_test_cb': False, 'you_actual_cb': False}, {'you_test_cb': True, 'you_actual_cb': False}, {'you_test_cb': False, 'you_actual_cb': False}, {'you_test_cb': True, 'you_actual_cb': False}, {'you_test_cb': False, 'you_actual_cb': False}, {'you_test_cb': False, 'you_actual_cb': True}, {'you_test_cb': False, 'you_actual_cb': False}, {'you_test_cb': False, 'you_actual_cb': True}, {'you_test_cb': False, 'you_actual_cb': False}, {'you_test_cb': True, 'you_actual_cb': False}, {'you_test_cb': False, 'you_actual_cb': False}, {'you_test_cb': False, 'you_actual_cb': True}]",1618190584347,1618190610848,26501,25-39,Male,High School,dontknow,21-30,intermediate,3,not_colorblind,1618190796221,1618190977222,181001,a,b,b,,,,,,,,2,1,7,1618190980922,1618191161924,181002,c,e,a,,a,,,,,,2,2,6,1618191161926,1140589,That was really hard.,1,1,2,60,1,3.25,1,13,0
