,postId,time_start_experiment,stim,time_start_exp,time_end_exp,time_diff_exp,ans1,ans2,views,time_start_demo,time_end_demo,time_diff_demo,age,sex,degree,monitor,computer,expert,train,cb,time_start_spatial-first,time_end_spatial-first,time_diff_spatial-first,spatial_1,spatial_2,spatial_3,spatial_4,spatial_5,spatial_6,spatial_7,spatial_8,spatial_9,spatial_10,spatialFirst_numCorrect,spatialFirst_numWrong,spatialFirst_numSkipped,time_start_spatial-second,time_end_spatial-second,time_diff_spatial-second,spatial_11,spatial_12,spatial_13,spatial_14,spatial_15,spatial_16,spatial_17,spatial_18,spatial_19,spatial_20,spatialSecond_numCorrect,spatialSecond_numWrong,spatialSecond_numSkipped,time_end_experiment,time_diff_experiment,comments,ans1Corr,ans2Corr,numCorr,bonus,corr,spatialAbility,drop
0,kkbed7ii,1611508187943,middleStatic,1611508482796,1611508597007,114211,57,56,"[{'test_negative_cb': True, 'do_not_have_disease_cb': True, 'test_positive_cb': True, 'have_disease_cb': True}]",1611508600292,1611508638386,38094,25-39,Male,Masters,15,11-20,high-intermediate,5,not_colorblind,1611508681645,1611508793061,111416,a,b,b,a,a,c,c,b,d,d,2,8,0,1611508795059,1611508869410,74351,c,a,c,c,a,d,d,d,c,d,2,8,0,1611508869421,681478,The survey is very interesting and very insightful.,1,1,2,60,1,0.0,0
1,kkbed69o,1611508186048,worseStatic,1611508250784,1611508275748,24964,57,56,"[{'test_negative_cb': True, 'do_not_have_disease_cb': True, 'test_positive_cb': True, 'have_disease_cb': True}]",1611508304128,1611508329924,25796,50-59,Male,Masters,23 or larger,51-60,novice,1,not_colorblind,1611508385067,1611508566070,181003,a,d,b,b,b,e,,,,,5,1,4,1611508569628,1611508751197,181569,c,b,a,e,,a,d,,,d,5,2,3,1611508751203,565155,Good luck with your research,1,1,2,120,1,9.25,0
2,kkbed5df,1611508185125,middleStatic,1611508278968,1611508331202,52234,57,56,"[{'test_negative_cb': True, 'do_not_have_disease_cb': True, 'test_positive_cb': True, 'have_disease_cb': True}]",1611508335662,1611508361791,26129,40-49,Male,PhD,23 or larger,41-50,high-intermediate,4,not_colorblind,1611508382117,1611508563120,181003,a,d,b,,,,,,,,3,0,7,1611508583565,1611508721484,137919,c,b,a,e,e,e,b,d,b,b,5,5,0,1611508721486,536361,The second half is a little bit hard. I am not sure how many persons can get a high score.,1,1,2,100,1,6.75,0
3,kkbedut6,1611508218841,middleStatic,1611508241604,1611508253436,11832,100,100,"[{'test_negative_cb': True, 'do_not_have_disease_cb': True, 'test_positive_cb': True, 'have_disease_cb': True}]",1611508257010,1611508283526,26516,25-39,Female,Bachelors,11,41-50,expert,5,colorblind,1611508294462,1611508325125,30663,c,e,d,c,e,d,c,e,d,e,1,9,0,1611508330515,1611508354646,24131,d,e,d,c,d,e,d,c,d,e,1,9,0,1611508354656,135815,NICE,0,0,0,20,0,-2.5,0
4,kkbedi00,1611508201528,betterStatic,1611508218660,1611508248339,29679,100,100,"[{'test_negative_cb': True, 'do_not_have_disease_cb': True, 'test_positive_cb': True, 'have_disease_cb': True}]",1611508252962,1611508311811,58849,40-49,Male,Bachelors,11,6-10,novice,4,colorblind,1611508319842,1611508364481,44639,e,c,d,c,e,b,e,d,c,e,1,9,0,1611508368605,1611508401157,32552,e,d,c,b,c,d,e,d,c,d,2,8,0,1611508401168,199640,nice,0,0,0,30,0,-1.25,0
5,kkbeebkl,1611508239455,betterStatic,1611508253460,1611508325119,71659,57,1,"[{'test_negative_cb': True, 'do_not_have_disease_cb': True, 'test_positive_cb': True, 'have_disease_cb': True}]",1611508328106,1611508355884,27778,40-49,Male,Masters,dontknow,21-30,expert,4,not_colorblind,1611508362506,1611508397653,35147,,d,d,c,c,c,c,c,c,c,2,7,1,1611508401245,1611508419041,17796,b,c,d,c,b,c,d,c,c,c,2,8,0,1611508419046,179591,GOOD,1,0,1,50,0,0.25,0
6,kkbedva3,1611508219125,middleStatic,1611508291762,1611508561017,269255,57,43,"[{'test_negative_cb': True, 'do_not_have_disease_cb': True, 'test_positive_cb': True, 'have_disease_cb': True}]",1611508576518,1611508609107,32589,60 ,Male,High School,23 or larger,51-60,novice,1,not_colorblind,1611508655145,1611508836146,181001,a,d,b,d,a,e,,,,,5,1,4,1611508851358,1611509026974,175616,c,b,a,e,b,a,d,c,a,b,6,4,0,1611509026978,807853,Very confusing at start.,1,0,1,120,0,9.75,0
7,kkbedeqv,1611508196991,betterStatic,1611508271382,1611508359033,87651,57,56,"[{'test_negative_cb': True, 'do_not_have_disease_cb': True, 'test_positive_cb': True, 'have_disease_cb': True}]",1611508362907,1611508498504,135597,25-39,Female,Masters,15,6-10,expert,5,not_colorblind,1611508528896,1611508648570,119674,e,b,a,a,a,c,b,e,b,a,0,10,0,1611508652041,1611508679035,26994,b,d,c,b,a,c,d,e,d,c,2,8,0,1611508679040,482049,Very interesting survey.,1,1,2,40,1,-2.5,0
8,kkbeezlj,1611508270664,middleStatic,1611508301682,1611508348420,46738,56,80,"[{'test_negative_cb': True, 'do_not_have_disease_cb': True, 'test_positive_cb': True, 'have_disease_cb': True}]",1611508351979,1611508369842,17863,25-39,Female,Bachelors,19,11-20,low-intermediate,2,not_colorblind,1611508400596,1611508574058,173462,a,d,b,b,a,e,b,c,d,e,6,4,0,1611508576230,1611508747833,171603,c,b,a,e,e,,e,b,a,b,5,4,1,1611508747837,477173,thanks,0,0,0,110,0,9.0,0
9,kkbefbmd,1611508286967,betterStatic,1611508301209,1611508409881,108672,56,1,"[{'test_negative_cb': True, 'do_not_have_disease_cb': True, 'test_positive_cb': True, 'have_disease_cb': True}]",1611508414709,1611508507840,93131,40-49,Female,Bachelors,15,41-50,intermediate,5,not_colorblind,1611508517962,1611508561897,43935,e,c,d,e,c,,d,d,d,e,1,8,1,1611508568035,1611508595747,27712,c,d,e,e,d,c,e,d,e,e,4,6,0,1611508595759,308792,good,0,0,0,50,0,1.5,0
10,kkbefpmt,1611508304958,worseStatic,1611508338767,1611508505488,166721,60,19,"[{'test_negative_cb': True, 'do_not_have_disease_cb': True, 'test_positive_cb': True, 'have_disease_cb': True}]",1611508510766,1611508602033,91267,50-59,Male,Bachelors,15,41-50,intermediate,3,colorblind,1611508623596,1611508731517,107921,e,b,e,d,b,d,c,e,c,b,2,8,0,1611508737719,1611508755910,18191,d,c,c,d,d,c,b,c,d,d,1,9,0,1611508755922,450964,good,0,0,0,30,0,-1.25,0
11,kkbeepmm,1611508258327,worseStatic,1611508383047,1611508468655,85608,60,59,"[{'test_negative_cb': True, 'do_not_have_disease_cb': True, 'test_positive_cb': True, 'have_disease_cb': True}]",1611508483137,1611508514391,31254,25-39,Female,Bachelors,21,31-40,intermediate,4,not_colorblind,1611508529192,1611508680909,151717,a,c,b,d,b,e,c,b,c,d,5,5,0,1611508717043,1611508840026,122983,c,b,a,a,e,d,d,c,d,d,4,6,0,1611508840038,581711,very interesting,0,0,0,90,0,6.25,0
12,kkbeehep,1611508248139,betterStatic,1611508390110,1611508498059,107949,56,0,"[{'test_negative_cb': True, 'do_not_have_disease_cb': True, 'test_positive_cb': True, 'have_disease_cb': True}]",1611508507059,1611508549314,42255,40-49,Female,Masters,dontknow,21-30,high-intermediate,4,not_colorblind,1611508605380,1611508772095,166715,a,d,e,b,a,d,c,d,b,c,2,8,0,1611508777304,1611508847354,70050,c,b,a,e,c,d,c,d,b,d,5,5,0,1611508847372,599233,The experiment was interesting to do but a bit tough to find right answers,0,0,0,70,0,3.75,0
13,kkbeiabm,1611508424507,worseStatic,1611508438558,1611508446312,7754,100,100,"[{'test_negative_cb': True, 'do_not_have_disease_cb': True, 'test_positive_cb': True, 'have_disease_cb': True}]",1611508447985,1611508467743,19758,25-39,Female,Bachelors,11,41-50,high-intermediate,5,colorblind,1611508473209,1611508493487,20278,d,e,d,c,e,d,c,d,d,e,1,9,0,1611508495628,1611508511607,15979,d,e,d,c,d,e,d,c,d,e,1,9,0,1611508511623,87116,NICE,0,0,0,20,0,-2.5,0
14,kkbei9k5,1611508423423,worseStatic,1611508465115,1611508566045,100930,60,3,"[{'test_negative_cb': True, 'do_not_have_disease_cb': True, 'test_positive_cb': True, 'have_disease_cb': True}]",1611508572787,1611508673432,100645,60 ,Female,Bachelors,23 or larger,gt60,expert,5,colorblind,1611508726120,1611508820936,94816,e,,e,d,e,d,d,e,e,e,3,6,1,1611508827518,1611508905023,77505,c,e,e,e,c,d,c,d,d,c,5,5,0,1611508905033,481610,kkbei9k5,0,0,0,80,0,5.25,0
15,kkbei612,1611508419226,betterStatic,1611508487546,1611508628258,140712,57,80,"[{'test_negative_cb': True, 'do_not_have_disease_cb': True, 'test_positive_cb': True, 'have_disease_cb': True}]",1611508637333,1611508674438,37105,25-39,Male,Bachelors,15,11-20,high-intermediate,4,not_colorblind,1611508722460,1611508877453,154993,a,b,a,d,d,d,c,a,,b,2,7,1,1611508882731,1611509063732,181001,c,d,a,b,b,d,d,d,c,b,4,6,0,1611509063743,644517,AJ9IY4IHOGB8,1,0,1,70,0,2.75,0
16,kkbekukz,1611508544510,middleStatic,1611508555154,1611508562272,7118,100,100,"[{'test_negative_cb': True, 'do_not_have_disease_cb': True, 'test_positive_cb': True, 'have_disease_cb': True}]",1611508565217,1611508585544,20327,25-39,Female,Bachelors,11,31-40,expert,5,colorblind,1611508591710,1611508610889,19179,d,e,d,e,c,d,e,d,c,d,0,10,0,1611508616993,1611508635888,18895,d,c,e,d,c,d,e,d,c,e,2,8,0,1611508635896,91386,NICE,0,0,0,20,0,-2.5,0
17,kkbel9w6,1611508564317,middleStatic,1611508583983,1611508597423,13440,100,100,"[{'test_negative_cb': True, 'do_not_have_disease_cb': True, 'test_positive_cb': True, 'have_disease_cb': True}]",1611508601987,1611508633434,31447,25-39,Female,Bachelors,11,6-10,novice,4,colorblind,1611508641792,1611508671877,30085,d,e,d,c,b,c,d,e,d,c,1,9,0,1611508677801,1611508704088,26287,a,b,c,d,e,d,c,b,a,b,1,9,0,1611508704094,139777,nice,0,0,0,20,0,-2.5,0
18,kkbej6zw,1611508467013,middleStatic,1611508713387,1611508759150,45763,56,55,"[{'test_negative_cb': True, 'do_not_have_disease_cb': True, 'test_positive_cb': True, 'have_disease_cb': True}]",1611508767136,1611508790965,23829,25-39,Female,Bachelors,17,11-20,intermediate,1,not_colorblind,1611508882016,1611509063016,181000,a,d,b,d,b,,,,,,5,0,5,1611509071844,1611509252845,181001,c,b,a,a,,a,e,,,,5,1,4,1611509252846,785833,Some of them were a lot harder than I thought! I wish I had more time. Good luck with your research! ,0,0,0,100,0,9.75,0
19,kkbencda,1611508660541,betterStatic,1611508682472,1611508760620,78148,63,62,"[{'test_negative_cb': True, 'do_not_have_disease_cb': True, 'test_positive_cb': True, 'have_disease_cb': True}]",1611508772720,1611508815152,42432,25-39,Male,Bachelors,15,41-50,intermediate,2,not_colorblind,1611508832270,1611509013272,181002,a,d,b,d,b,e,a,b,,,7,1,2,1611509017223,1611509133153,115930,c,b,a,e,c,a,e,d,c,a,7,3,0,1611509133162,472621,interesting,0,0,0,140,0,13.0,0
20,kkbepmh1,1611508767825,middleStatic,1611508800583,1611508915047,114464,55,43,"[{'test_negative_cb': True, 'do_not_have_disease_cb': True, 'test_positive_cb': True, 'have_disease_cb': True}]",1611508922524,1611509000336,77812,25-39,Male,Bachelors,15,21-30,intermediate,4,not_colorblind,1611509012093,1611509093006,80913,a,d,b,d,b,c,e,d,c,b,5,5,0,1611509098847,1611509112323,13476,d,d,e,d,e,d,d,e,e,d,0,10,0,1611509112329,344504,good,0,0,0,50,0,1.25,0
21,kkbenlzk,1611508672969,betterStatic,1611508894448,1611508938730,44282,25,80,"[{'test_negative_cb': True, 'do_not_have_disease_cb': True, 'test_positive_cb': True, 'have_disease_cb': True}]",1611508950233,1611509006807,56574,50-59,Male,Bachelors,15,41-50,high-intermediate,4,not_colorblind,1611509076796,1611509220750,143954,a,d,,d,e,d,c,a,d,d,3,6,1,1611509236641,1611509417642,181001,,a,c,e,e,b,d,d,d,,3,5,2,1611509417649,744680,Boy that takes a lot of doing but I hope I may be getting a little better at it.,0,0,0,60,0,3.25,0
22,kkber0k7,1611508832687,betterStatic,1611508855283,1611508862532,7249,5,6,"[{'test_negative_cb': True, 'do_not_have_disease_cb': True, 'test_positive_cb': True, 'have_disease_cb': True}]",1611508866210,1611508883336,17126,25-39,Female,Masters,21,31-40,intermediate,5,colorblind,1611508901807,1611508922841,21034,,,c,c,,d,d,c,c,d,1,6,3,1611508931021,1611508947281,16260,c,d,e,d,d,c,d,d,d,d,3,7,0,1611508947289,114602,"A3RBVKJ7T1AWDZ 
GOOD


",0,0,0,40,0,0.75,0
23,kkbelxem,1611508594876,worseStatic,1611508875483,1611508932348,56865,57,56,"[{'test_negative_cb': True, 'do_not_have_disease_cb': True, 'test_positive_cb': True, 'have_disease_cb': True}]",1611508944000,1611508991119,47119,60 ,Female,High School,17,21-30,intermediate,1,not_colorblind,1611509108599,1611509289609,181010,a,d,,,b,e,,,,,4,0,6,1611509293571,1611509474572,181001,c,b,a,,,a,d,,,,4,1,5,1611509474587,879711,That was pretty hard for me.  I would rather see it right before me and do it.,1,1,2,100,1,7.75,0
24,kkbercv5,1611508847954,betterStatic,1611508860157,1611508867088,6931,60,19,"[{'test_negative_cb': True, 'do_not_have_disease_cb': True, 'test_positive_cb': True, 'have_disease_cb': True}]",1611508870188,1611508902793,32605,25-39,Female,Bachelors,15,41-50,intermediate,5,colorblind,1611508909767,1611508920098,10331,b,,c,d,d,b,c,c,c,e,3,6,1,1611508927135,1611508939375,12240,c,b,b,b,e,c,d,c,e,e,2,8,0,1611508939391,91437,good,0,0,0,50,0,1.5,0
25,kkbep3oc,1611508743570,betterStatic,1611508994674,1611509064152,69478,56,56,"[{'test_negative_cb': True, 'do_not_have_disease_cb': True, 'test_positive_cb': True, 'have_disease_cb': True}]",1611509071482,1611509122293,50811,25-39,Male,Masters,15,41-50,expert,5,R,1611509166713,1611509347713,181000,a,d,b,d,a,c,c,a,b,,4,5,1,1611509357323,1611509538336,181013,c,b,a,c,e,a,d,c,c,d,4,6,0,1611509538365,794795,interesting study.,0,1,1,90,0,5.25,0
26,kkbevskc,1611509054587,worseStatic,1611509062217,1611509068174,5957,57,56,"[{'test_negative_cb': True, 'do_not_have_disease_cb': True, 'test_positive_cb': True, 'have_disease_cb': True}]",1611509069378,1611509082605,13227,25-39,Male,Bachelors,13,51-60,high-intermediate,4,not_colorblind,1611509121677,1611509243099,121422,a,b,c,a,a,c,b,c,d,e,3,7,0,1611509245160,1611509333295,88135,c,c,a,a,c,a,b,,b,c,4,5,1,1611509333306,278719,"I ended up somewhat confused on the mechanical folding tests.  A bit too short, so I ended up rushing the answers without proof.  Needs more time.",1,1,2,90,1,4.0,0
27,kkbex0ed,1611509111430,worseStatic,1611509151847,1611509182193,30346,57,56,"[{'test_negative_cb': True, 'do_not_have_disease_cb': True, 'test_positive_cb': True, 'have_disease_cb': True}]",1611509185464,1611509208016,22552,25-39,Male,PhD,23 or larger,gt60,intermediate,4,not_colorblind,1611509231085,1611509371108,140023,a,c,b,d,b,e,a,c,a,e,8,2,0,1611509372994,1611509463346,90352,c,b,a,e,c,a,e,c,c,a,6,4,0,1611509463350,351920,That was different. ,1,1,2,160,1,12.5,0
28,kkbex349,1611509114920,middleStatic,1611509225615,1611509327263,101648,57,56,"[{'test_negative_cb': True, 'do_not_have_disease_cb': True, 'test_positive_cb': True, 'have_disease_cb': True}]",1611509332903,1611509367153,34250,25-39,Male,High School,15,21-30,intermediate,2,not_colorblind,1611509425673,1611509595908,170235,a,d,d,d,a,a,d,c,b,e,5,5,0,1611509601425,1611509695228,93803,c,b,a,c,e,a,a,c,b,a,4,6,0,1611509695236,580316,Thank you for allowing me to participate.  The task was harder then what it seemed that it would be and takes concentration.  It made the task fun at the same time.,1,1,2,110,1,6.25,0
29,kkbeydx6,1611509175624,middleStatic,1611509188815,1611509245781,56966,57,56,"[{'test_negative_cb': True, 'do_not_have_disease_cb': True, 'test_positive_cb': True, 'have_disease_cb': True}]",1611509250244,1611509268890,18646,25-39,Male,Bachelors,15,41-50,intermediate,3,not_colorblind,1611509277154,1611509374541,97387,a,d,b,d,b,b,b,c,d,c,6,4,0,1611509377140,1611509455333,78193,c,b,a,b,b,a,e,c,d,c,8,2,0,1611509455344,279720,interesting,1,1,2,160,1,12.5,0
30,kkbeyhue,1611509180635,worseStatic,1611509193396,1611509485201,291805,56,56,"[{'test_negative_cb': True, 'do_not_have_disease_cb': True, 'test_positive_cb': True, 'have_disease_cb': True}]",1611509487283,1611509502127,14844,25-39,Female,Masters,15,6-10,expert,5,not_colorblind,1611509506759,1611509607060,100301,a,a,a,d,d,e,b,a,b,d,3,7,0,1611509609106,1611509710109,101003,c,b,a,c,d,a,d,b,b,b,4,6,0,1611509710115,529480,very interesting survey.,0,1,1,80,0,3.75,0
31,kkbezsru,1611509241564,betterStatic,1611509253511,1611509267439,13928,56,24,"[{'test_negative_cb': True, 'do_not_have_disease_cb': True, 'test_positive_cb': True, 'have_disease_cb': True}]",1611509269116,1611509282528,13412,25-39,Male,High School,15,6-10,high-intermediate,5,not_colorblind,1611509288905,1611509314442,25537,b,c,c,c,d,c,c,c,c,c,1,9,0,1611509318394,1611509335357,16963,b,b,c,d,d,c,c,d,c,c,3,7,0,1611509335365,93801,nice,0,0,0,40,0,0.0,0
32,kkbf1kjq,1611509324155,worseStatic,1611509392739,1611509449989,57250,57,56,"[{'test_negative_cb': True, 'do_not_have_disease_cb': True, 'test_positive_cb': True, 'have_disease_cb': True}]",1611509452865,1611509474979,22114,25-39,Male,Bachelors,13,31-40,intermediate,3,not_colorblind,1611509489709,1611509601845,112136,a,d,b,d,b,e,,c,e,,8,0,2,1611509605814,1611509743696,137882,c,b,a,e,b,a,e,d,a,c,9,1,0,1611509743706,419551,Bad pay.,1,1,2,190,1,16.75,0
33,kkbf0czw,1611509267986,middleStatic,1611509358029,1611509515633,157604,56,1,"[{'test_negative_cb': True, 'do_not_have_disease_cb': True, 'test_positive_cb': True, 'have_disease_cb': True}]",1611509520040,1611509562768,42728,25-39,Female,Bachelors,19,41-50,intermediate,3,not_colorblind,1611509571342,1611509752346,181004,,,,,,,,,,,0,0,10,1611509756074,1611509854915,98841,a,c,,c,c,e,d,b,c,d,0,9,1,1611509854926,586940,good work,0,0,0,0,0,-2.25,1
34,kkbf20bz,1611509345442,betterStatic,1611509386289,1611509429863,43574,57,56,"[{'test_negative_cb': True, 'do_not_have_disease_cb': True, 'test_positive_cb': True, 'have_disease_cb': True}]",1611509433385,1611509473542,40157,25-39,Female,Bachelors,23 or larger,31-40,high-intermediate,4,not_colorblind,1611509523655,1611509637852,114197,a,c,b,d,b,e,b,c,d,c,6,4,0,1611509659968,1611509757922,97954,c,b,a,e,b,e,a,b,c,d,5,5,0,1611509757932,412490,useful study,1,1,2,130,1,8.75,0
35,kkbf1qu2,1611509333420,worseStatic,1611509391287,1611509438535,47248,80,20,"[{'test_negative_cb': True, 'do_not_have_disease_cb': True, 'test_positive_cb': True, 'have_disease_cb': True}]",1611509444273,1611509463759,19486,40-49,Male,Bachelors,9 or smaller,R,expert,4,not_colorblind,1611509471326,1611509496695,25369,e,d,c,c,d,e,d,c,d,e,4,6,0,1611509500409,1611509520895,20486,c,e,d,d,e,d,d,e,e,d,1,9,0,1611509520898,187478,good task,0,0,0,50,0,1.25,0
36,kkbf2280,1611509347272,worseStatic,1611509429843,1611509499853,70010,57,56,"[{'test_negative_cb': True, 'do_not_have_disease_cb': True, 'test_positive_cb': True, 'have_disease_cb': True}]",1611509508493,1611509548895,40402,40-49,Male,Bachelors,15,gt60,low-intermediate,2,not_colorblind,1611509639020,1611509820023,181003,a,d,b,d,,,,,,d,4,1,5,1611509822990,1611509979781,156791,c,b,a,e,,e,b,,,a,4,3,3,1611509979785,632513,"Very engaging, but somewhat difficult",1,1,2,100,1,7.0,0
37,kkbf4im9,1611509461926,betterStatic,1611509560427,1611509614666,54239,57,56,"[{'test_negative_cb': True, 'do_not_have_disease_cb': True, 'test_positive_cb': True, 'have_disease_cb': True}]",1611509625714,1611509666941,41227,60 ,Female,Bachelors,19,31-40,expert,4,not_colorblind,1611509674737,1611509738436,63699,c,b,b,a,d,d,c,b,c,d,1,9,0,1611509748043,1611509764081,16038,a,d,c,e,c,b,d,c,d,b,2,8,0,1611509764085,302159,EXCELLENT,1,1,2,50,1,-1.25,0
38,kkbf4y86,1611509482033,betterStatic,1611509550077,1611509581172,31095,57,56,"[{'test_negative_cb': True, 'do_not_have_disease_cb': True, 'test_positive_cb': True, 'have_disease_cb': True}]",1611509588805,1611509609551,20746,50-59,Female,Masters,15,31-40,novice,1,not_colorblind,1611509676124,1611509857126,181002,a,c,b,d,,,,,,,3,1,6,1611509860045,1611510041060,181015,c,b,a,,,a,b,,,,4,1,5,1611510041070,559037,I really found this to be difficult!,1,1,2,90,1,6.5,0
39,kkbf5tcm,1611509522375,betterStatic,1611509548064,1611509629687,81623,56,20,"[{'test_negative_cb': True, 'do_not_have_disease_cb': True, 'test_positive_cb': True, 'have_disease_cb': True}]",1611509646024,1611509679047,33023,25-39,Male,Bachelors,21,11-20,low-intermediate,3,not_colorblind,1611509686904,1611509792207,105303,e,,,,d,e,c,e,d,a,1,6,3,1611509796754,1611509921933,125179,c,a,a,c,c,b,d,b,c,e,2,8,0,1611509921937,399562,no,0,0,0,30,0,-0.5,0
40,kkbf73ht,1611509582037,worseStatic,1611509674449,1611509720884,46435,57,56,"[{'test_negative_cb': True, 'do_not_have_disease_cb': True, 'test_positive_cb': True, 'have_disease_cb': True}]",1611509725205,1611509747255,22050,40-49,Male,High School,17,51-60,low-intermediate,2,not_colorblind,1611509828128,1611510009138,181010,a,d,c,d,c,d,c,c,c,d,4,6,0,1611510013812,1611510184029,170217,c,b,a,e,b,e,e,c,b,d,6,4,0,1611510184031,601994,This was an interesting study.  Challenging!,1,1,2,120,1,7.5,0
41,kkbf8k4j,1611509650741,betterStatic,1611509666742,1611509702210,35468,56,20,"[{'test_negative_cb': True, 'do_not_have_disease_cb': True, 'test_positive_cb': True, 'have_disease_cb': True}]",1611509707039,1611509727616,20577,25-39,Male,High School,17,11-20,intermediate,4,not_colorblind,1611509732434,1611509916068,183634,c,c,,,,,,,,,0,2,8,1611510658444,1611510672799,14355,c,b,d,c,d,d,c,b,c,c,3,7,0,1611510672806,1022065,rr,0,0,0,30,0,0.75,0
42,kkbf7cdl,1611509594126,worseStatic,1611509789058,1611509803105,14047,3,5,"[{'test_negative_cb': True, 'do_not_have_disease_cb': True, 'test_positive_cb': True, 'have_disease_cb': True}]",1611509806870,1611509826578,19708,25-39,Male,Masters,13,21-30,intermediate,3,colorblind,1611509832224,1611509852516,20292,c,b,c,d,d,c,b,a,b,c,1,9,0,1611509856167,1611509875695,19528,d,c,b,a,a,b,c,d,e,d,1,9,0,1611509875707,281581,GOOD,0,0,0,20,0,-2.5,0
43,kkbfb4y4,1611509772558,betterStatic,1611509878986,1611510042425,163439,57,57,"[{'test_negative_cb': True, 'do_not_have_disease_cb': True, 'test_positive_cb': True, 'have_disease_cb': True}]",1611510055933,1611510111590,55657,25-39,Female,Bachelors,17,41-50,expert,5,not_colorblind,1611510184664,1611510365675,181011,a,d,b,d,b,e,a,c,,,8,0,2,1611510370751,1611510551754,181003,c,b,a,e,b,a,e,,d,,8,0,2,1611510551760,779202,It id much better.,1,0,1,170,0,16.0,0
44,kkbfcmg9,1611509839916,middleStatic,1611509906513,1611509925550,19037,57,56,"[{'test_negative_cb': True, 'do_not_have_disease_cb': True, 'test_positive_cb': True, 'have_disease_cb': True}]",1611509928637,1611509953054,24417,25-39,Female,PhD,11,41-50,intermediate,4,not_colorblind,1611509996836,1611510177841,181005,a,d,b,a,b,e,,,,,5,1,4,1611510180861,1611510361873,181012,c,b,a,b,,a,e,c,,,5,2,3,1611510361877,521961,The visualizations took some time to load,1,1,2,120,1,9.25,0
45,kkbfcv5b,1611509851688,middleStatic,1611509872924,1611510032293,159369,71,57,"[{'test_negative_cb': True, 'do_not_have_disease_cb': True, 'test_positive_cb': True, 'have_disease_cb': True}]",1611510036806,1611510068205,31399,40-49,Female,Bachelors,15,31-40,intermediate,5,not_colorblind,1611510077459,1611510258455,180996,,d,d,d,d,a,a,c,,,4,3,3,1611510273386,1611510414645,141259,c,,a,e,b,d,b,a,d,b,5,4,1,1611510414656,562968,No comments,0,0,0,90,0,7.25,0
46,kkbfgi23,1611510020953,worseStatic,1611510044990,1611510064403,19413,56,80,"[{'test_negative_cb': True, 'do_not_have_disease_cb': True, 'test_positive_cb': True, 'have_disease_cb': True}]",1611510066529,1611510100407,33878,25-39,Female,Bachelors,19,31-40,high-intermediate,3,not_colorblind,1611510106020,1611510121563,15543,a,c,b,b,b,b,c,c,b,c,4,6,0,1611510123268,1611510130178,6910,c,c,a,d,a,e,a,e,d,a,3,7,0,1611510130181,109228,A18T7E73TNGOKP,0,0,0,70,0,3.75,0
47,kkbfeji9,1611509929826,worseStatic,1611510085897,1611510251504,165607,56,1,"[{'test_negative_cb': True, 'do_not_have_disease_cb': True, 'test_positive_cb': True, 'have_disease_cb': True}]",1611510254808,1611510280935,26127,25-39,Male,Bachelors,15,41-50,intermediate,4,not_colorblind,1611510288090,1611510310638,22548,,d,d,c,b,c,d,c,b,,3,5,2,1611510315942,1611510343204,27262,b,c,c,d,c,b,c,d,c,,1,8,1,1611510343216,413390,good work,0,0,0,40,0,0.75,0
48,kkbflzxi,1611510277496,middleStatic,1611510293308,1611510359453,66145,57,43,"[{'test_negative_cb': True, 'do_not_have_disease_cb': True, 'test_positive_cb': True, 'have_disease_cb': True}]",1611510364807,1611510398053,33246,25-39,Female,Bachelors,15,11-20,high-intermediate,4,not_colorblind,1611510405827,1611510436040,30213,e,b,d,c,b,c,d,b,c,d,1,9,0,1611510438926,1611510479477,40551,b,d,c,b,e,d,c,b,c,d,0,10,0,1611510479483,201987,good,1,0,1,20,0,-3.75,0
49,kkbfnu65,1611510365498,worseStatic,1611510565230,1611510707198,141968,60,59,"[{'test_negative_cb': True, 'do_not_have_disease_cb': True, 'test_positive_cb': True, 'have_disease_cb': True}]",1611510714971,1611510805448,90477,25-39,Male,Masters,13,gt60,expert,5,colorblind,1611510813180,1611510994181,181001,a,d,b,d,b,e,d,,,,6,1,3,1611510999400,1611511034317,34917,b,c,b,c,b,d,c,b,d,b,2,8,0,1611511034322,668824,Is awesome study,0,0,0,80,0,5.75,0
50,kkbfr1d4,1611510512383,middleStatic,1611510681025,1611510760032,79007,57,1,"[{'test_negative_cb': True, 'do_not_have_disease_cb': True, 'test_positive_cb': True, 'have_disease_cb': True}]",1611510767144,1611510856826,89682,25-39,Male,Bachelors,dontknow,11-20,high-intermediate,4,not_colorblind,1611510872655,1611510928106,55451,a,b,c,d,c,b,d,e,c,c,2,8,0,1611510943146,1611510992254,49108,c,c,d,c,c,d,d,b,b,b,1,9,0,1611510992262,479879,none,1,0,1,40,0,-1.25,0
51,kkbfoota,1611510403206,worseStatic,1611510619185,1611510668560,49375,60,59,"[{'test_negative_cb': True, 'do_not_have_disease_cb': True, 'test_positive_cb': True, 'have_disease_cb': True}]",1611510676776,1611510704499,27723,25-39,Female,Bachelors,R,R,intermediate,R,not_colorblind,1611510773509,1611510931820,158311,a,a,d,a,d,b,c,c,d,e,3,7,0,1611510937305,1611511005770,68465,c,b,a,a,c,a,a,b,b,c,5,5,0,1611511005776,602570,good,0,0,0,80,0,5.0,0
52,kkbfth06,1611510626670,middleStatic,1611510659640,1611510759023,99383,57,1,"[{'test_negative_cb': True, 'do_not_have_disease_cb': True, 'test_positive_cb': True, 'have_disease_cb': True}]",1611510769359,1611510808418,39059,40-49,Male,Bachelors,11,6-10,expert,5,not_colorblind,1611510835083,1611510923976,88893,e,b,a,a,c,d,c,e,d,b,0,10,0,1611510930841,1611511064651,133810,c,d,e,b,d,d,a,b,d,b,2,8,0,1611511064659,437989,nice survey,1,0,1,30,0,-2.5,0
53,kkbfh9ws,1611510058000,middleStatic,1611510746413,1611510780558,34145,55,35,"[{'test_negative_cb': True, 'do_not_have_disease_cb': True, 'test_positive_cb': True, 'have_disease_cb': True}]",1611510784982,1611512584441,1799459,25-39,Male,Bachelors,15,21-30,intermediate,4,not_colorblind,1611512609074,1611512619674,10600,d,d,d,d,d,d,d,e,d,e,3,7,0,1611512625389,1611512636835,11446,d,d,e,e,d,d,e,d,e,d,3,7,0,1611512636844,2578844,good,0,0,0,60,0,2.5,0
54,kkbg24we,1611511030198,betterStatic,1611511065243,1611511093670,28427,57,56,"[{'test_negative_cb': True, 'do_not_have_disease_cb': True, 'test_positive_cb': True, 'have_disease_cb': True}]",1611511098424,1611511117100,18676,25-39,Male,High School,23 or larger,41-50,low-intermediate,1,not_colorblind,1611511183052,1611511364053,181001,a,a,b,d,b,e,,,,,5,1,4,1611511366444,1611511547460,181016,c,b,a,b,b,a,e,,,,6,1,3,1611511547468,517270,thanks,1,1,2,130,1,10.5,0
55,kkbfobva,1611510387100,middleStatic,1611511168970,1611511251252,82282,80,56,"[{'test_negative_cb': True, 'do_not_have_disease_cb': True, 'test_positive_cb': True, 'have_disease_cb': True}]",1611511262601,1611511309699,47098,25-39,Male,Bachelors,17,31-40,high-intermediate,4,not_colorblind,1611511323174,1611511504174,181000,a,d,d,c,c,c,d,,b,e,3,6,1,1611511507226,1611511583654,76428,c,b,a,c,,b,d,c,a,d,3,6,1,1611511583660,1196560,Very interesting task,0,1,1,70,0,3.0,0
56,kkbg4pk9,1611511150319,middleStatic,1611511232629,1611511279339,46710,57,56,"[{'test_negative_cb': True, 'do_not_have_disease_cb': True, 'test_positive_cb': True, 'have_disease_cb': True}]",1611511285824,1611511308034,22210,25-39,Male,Bachelors,23 or larger,11-20,novice,1,not_colorblind,1611511336603,1611511506912,170309,a,b,a,d,c,e,e,c,b,b,4,6,0,1611511515695,1611511659020,143325,c,c,c,b,e,a,e,b,a,b,3,7,0,1611511659022,508703,last one was confusing and I am pretty sure the folding shown was a mistake.,1,1,2,90,1,3.75,0
57,kkbg7645,1611511266773,betterStatic,1611511388660,1611511458276,69616,56,20,"[{'test_negative_cb': True, 'do_not_have_disease_cb': True, 'test_positive_cb': True, 'have_disease_cb': True}]",1611511477120,1611511653646,176526,25-39,Male,Masters,19,21-30,expert,R,not_colorblind,1611511871939,1611512000930,128991,e,b,a,d,a,c,d,b,c,,1,8,1,1611512006334,1611512073377,67043,c,b,c,a,c,d,e,d,b,c,5,5,0,1611512073382,806609,very good study .,0,0,0,60,0,2.75,0
58,kkbgiz90,1611511816770,betterStatic,1611512135346,1611512182770,47424,46,1,"[{'test_negative_cb': True, 'do_not_have_disease_cb': True, 'test_positive_cb': True, 'have_disease_cb': True}]",1611512190961,1611512218602,27641,50-59,Female,Bachelors,15,11-20,expert,5,colorblind,1611512227260,1611512249673,22413,c,c,e,d,e,d,e,e,d,a,1,9,0,1611512254298,1611512263777,9479,e,d,e,d,e,e,d,d,e,d,1,9,0,1611512263788,447018,A1BXGDMXKIH2SH,0,0,0,20,0,-2.5,0
59,kkbgj199,1611511819842,middleStatic,1611511842987,1611511897500,54513,57,20,"[{'test_negative_cb': True, 'do_not_have_disease_cb': True, 'test_positive_cb': True, 'have_disease_cb': True}]",1611511903541,1611511932461,28920,50-59,Male,Bachelors,23 or larger,31-40,intermediate,5,not_colorblind,1611511938898,1611511976812,37914,d,c,b,c,c,d,c,d,b,d,1,9,0,1611512022006,1611512040476,18470,c,d,c,d,c,d,b,c,b,d,1,9,0,1611512040483,220641,very interesting work,1,0,1,30,0,-2.5,0
60,kkbxpewc,1611540670115,betterStatic,1611540706615,1611540742609,35994,54,53,"[{'test_negative_cb': True, 'do_not_have_disease_cb': True, 'test_positive_cb': True, 'have_disease_cb': True}]",1611540756380,1611540790670,34290,60 ,Male,Masters,13,11-20,intermediate,4,not_colorblind,1611540807211,1611540824118,16907,c,d,e,c,e,d,d,e,c,d,1,9,0,1611540833927,1611540849319,15392,e,c,e,c,d,d,c,c,d,d,1,9,0,1611540849331,179216,good,0,0,0,20,0,-2.5,0
61,kkbgjz4f,1611511862537,worseStatic,1611512012567,1611512130886,118319,56,1,"[{'test_negative_cb': True, 'do_not_have_disease_cb': True, 'test_positive_cb': True, 'have_disease_cb': True}]",1611512140328,1611512220750,80422,25-39,Female,Bachelors,17,41-50,intermediate,4,not_colorblind,1611512276898,1611512457900,181002,a,c,b,d,b,e,,d,,,5,2,3,1611512463194,1611512644201,181007,c,b,a,e,b,d,e,,d,,7,1,2,1611512644210,781673,good experiencce,0,0,0,120,0,11.25,0
62,kkbgl4mj,1611511916369,middleStatic,1611512055005,1611512200380,145375,56,56,"[{'test_negative_cb': True, 'do_not_have_disease_cb': True, 'test_positive_cb': True, 'have_disease_cb': True}]",1611512214482,1611512238076,23594,25-39,R,R,R,R,novice,1,not_colorblind,1611512439171,1611512620267,181096,a,,,,,e,,,,,2,0,8,1611512622420,1611512803511,181091,c,,,,,,e,,,,2,0,8,1611512803514,887145,"The wording for the visualization task was a bit strange. From what I could tell, there were more people who had the disease than there were people tested, but the wording made it sound like the number should have been lower.",0,1,1,50,0,4.0,0
63,kkbgmnr7,1611511988619,middleStatic,1611512173130,1611512226384,53254,60,60,"[{'test_negative_cb': True, 'do_not_have_disease_cb': True, 'test_positive_cb': True, 'have_disease_cb': True}]",1611512230649,1611512263481,32832,50-59,Male,Masters,19,11-20,intermediate,5,colorblind,1611512276081,1611512319016,42935,d,d,e,d,d,d,d,d,d,d,2,8,0,1611512324940,1611512339295,14355,d,d,d,e,d,e,d,d,e,c,3,7,0,1611512339303,350684,GOOD,0,0,0,50,0,1.25,0
64,kkbgo125,1611512051946,middleStatic,1611512088654,1611512120953,32299,57,56,"[{'test_negative_cb': True, 'do_not_have_disease_cb': True, 'test_positive_cb': True, 'have_disease_cb': True}]",1611512127619,1611512159531,31912,25-39,Male,Masters,23 or larger,41-50,novice,2,not_colorblind,1611512182266,1611512363276,181010,a,d,b,d,b,e,d,c,d,,7,2,1,1611512365646,1611512510924,145278,c,b,a,e,b,e,d,c,d,c,7,3,0,1611512510926,458980,N/A,1,1,2,160,1,12.75,0
65,kkbgnom2,1611512036283,middleStatic,1611512119422,1611512229313,109891,57,24,"[{'test_negative_cb': True, 'do_not_have_disease_cb': True, 'test_positive_cb': True, 'have_disease_cb': True}]",1611512234176,1611512260724,26548,50-59,Female,Masters,19,41-50,expert,5,colorblind,1611512270287,1611512317103,46816,d,c,d,c,e,d,c,d,e,d,1,9,0,1611512320477,1611512344606,24129,e,d,c,d,e,d,d,e,e,d,0,10,0,1611512344618,308335,good survey,1,0,1,20,0,-3.75,0
66,kkbgnveu,1611512044275,worseStatic,1611512191719,1611513443638,1251919,60,59,"[{'test_negative_cb': True, 'do_not_have_disease_cb': True, 'test_positive_cb': True, 'have_disease_cb': True}]",1611513466943,1611513527458,60515,25-39,Male,Bachelors,17,41-50,intermediate,2,not_colorblind,1611513596100,1611513777102,181002,a,d,b,d,b,e,a,c,,,8,0,2,1611513781292,1611513924918,143626,c,b,a,e,e,a,e,e,d,a,7,3,0,1611513924924,1880649,It was an interesting survey to think in different angles analytically.,0,0,0,150,0,14.25,0
67,kkbgpuwx,1611512138176,worseStatic,1611512153208,1611512235379,82171,60,20,"[{'test_negative_cb': True, 'do_not_have_disease_cb': True, 'test_positive_cb': True, 'have_disease_cb': True}]",1611512237626,1611512254463,16837,50-59,Female,Bachelors,19,21-30,intermediate,5,not_colorblind,1611512268417,1611512295118,26701,c,b,d,e,b,c,b,c,d,,2,7,1,1611512312682,1611512345184,32502,b,c,e,b,a,,d,e,c,b,0,9,1,1611512345190,207014,good,0,0,0,20,0,-2.0,0
68,kkbgqihw,1611512167973,betterStatic,1611512182167,1611512217221,35054,81,80,"[{'test_negative_cb': True, 'do_not_have_disease_cb': True, 'test_positive_cb': True, 'have_disease_cb': True}]",1611512220285,1611512231947,11662,25-39,Female,Bachelors,23 or larger,41-50,intermediate,2,not_colorblind,1611512235657,1611512305812,70155,a,d,d,b,a,e,d,c,c,d,4,6,0,1611512354679,1611512398536,43857,c,b,d,e,b,a,b,c,d,a,6,4,0,1611512398539,230566,A9HQ3E0F2AGVO,0,0,0,100,0,7.5,0
69,kkbgr49d,1611512195899,betterStatic,1611512272911,1611512305802,32891,57,56,"[{'test_negative_cb': True, 'do_not_have_disease_cb': True, 'test_positive_cb': True, 'have_disease_cb': True}]",1611512313396,1611512335410,22014,50-59,Male,Masters,15,51-60,intermediate,3,not_colorblind,1611512367731,1611512548733,181002,a,d,b,d,b,e,,c,,e,8,0,2,1611512565073,1611512746077,181004,c,b,a,e,b,a,e,,,d,7,1,2,1611512746083,550184,"Thanks for the opportunity to participate, good luck with your research and stay safe!",1,1,2,170,1,14.75,0
70,kkbgrxp2,1611512234001,worseStatic,1611512499290,1611512512325,13035,1,80,"[{'test_negative_cb': True, 'do_not_have_disease_cb': True, 'test_positive_cb': True, 'have_disease_cb': True}]",1611512516301,1611512527059,10758,25-39,Male,Bachelors,15,11-20,intermediate,1,not_colorblind,1611512539073,1611512696469,157396,a,b,b,d,d,c,c,a,d,e,4,6,0,1611513080280,1611513261383,181103,c,a,d,e,b,b,b,c,c,c,4,6,0,1611513261386,1027385,very hard to do the paper folding,0,0,0,80,0,5.0,0
71,kkbgu284,1611512333852,betterStatic,1611512350835,1611512428481,77646,57,19,"[{'test_negative_cb': True, 'do_not_have_disease_cb': True, 'test_positive_cb': True, 'have_disease_cb': True}]",1611512432566,1611512464696,32130,50-59,Male,Masters,21,41-50,intermediate,5,colorblind,1611512471004,1611512480368,9364,b,d,d,c,d,d,d,d,d,d,1,9,0,1611512487328,1611512495903,8575,c,d,d,d,d,d,c,e,d,c,3,7,0,1611512495909,162057,good,1,0,1,50,0,0.0,0
72,kkbgtg68,1611512306165,worseStatic,1611512508906,1611512595086,86180,56,36,"[{'test_negative_cb': True, 'do_not_have_disease_cb': True, 'test_positive_cb': True, 'have_disease_cb': True}]",1611512602349,1611512631819,29470,25-39,Female,PhD,21,31-40,expert,5,not_colorblind,1611512648840,1611512703836,54996,c,d,b,c,d,c,c,d,c,d,2,8,0,1611512708347,1611512731311,22964,c,c,b,c,d,c,d,e,d,c,3,7,0,1611512731324,425159,Great survey. I love it,0,0,0,50,0,1.25,0
73,kkbgxkxv,1611512497294,betterStatic,1611512506607,1611512545162,38555,56,1,"[{'test_negative_cb': True, 'do_not_have_disease_cb': True, 'test_positive_cb': True, 'have_disease_cb': True}]",1611512549181,1611512571451,22270,25-39,Male,High School,23 or larger,11-20,low-intermediate,3,not_colorblind,1611512578371,1611512673787,95416,c,b,a,a,d,d,b,a,d,d,0,10,0,1611512676070,1611512721442,45372,e,a,e,c,a,d,d,b,b,b,0,10,0,1611512721446,224152,This was a very confusing hit to complete.,0,0,0,0,0,-5.0,0
74,kkbh04bi,1611512615881,betterStatic,1611512764162,1611512917604,153442,56,36,"[{'test_negative_cb': True, 'do_not_have_disease_cb': True, 'test_positive_cb': True, 'have_disease_cb': True}]",1611512922764,1611512949394,26630,25-39,Male,Bachelors,23 or larger,51-60,intermediate,R,colorblind,1611513097002,1611513132091,35089,b,b,d,c,c,d,c,c,b,,1,8,1,1611513134031,1611513152052,18021,c,c,d,d,c,c,d,e,d,c,3,7,0,1611513152055,536174,It was interesting.,0,0,0,40,0,0.25,0
75,kkbgubk4,1611512345950,middleStatic,1611512693309,1611512835656,142347,50,43,"[{'test_negative_cb': True, 'do_not_have_disease_cb': True, 'test_positive_cb': True, 'have_disease_cb': True}]",1611512839394,1611512853407,14013,50-59,Female,Bachelors,21,41-50,intermediate,5,colorblind,1611512860274,1611512867161,6887,c,c,d,d,d,d,e,d,e,b,2,8,0,1611512874733,1611512883785,9052,a,d,e,c,d,d,d,c,c,d,0,10,0,1611512883802,537852,good,0,0,0,20,0,-2.5,0
76,kkbh558o,1611512850960,betterStatic,1611512864480,1611512872919,8439,60,60,"[{'test_negative_cb': True, 'do_not_have_disease_cb': True, 'test_positive_cb': True, 'have_disease_cb': True}]",1611512877028,1611512912807,35779,50-59,Female,Masters,21,11-20,high-intermediate,5,colorblind,1611512924054,1611512939195,15141,d,d,c,d,d,c,d,d,c,d,2,8,0,1611512949226,1611512966776,17550,d,d,c,d,e,d,d,d,e,d,1,9,0,1611512966787,115827,A2N8SM7NRJEDG5,0,0,0,30,0,-1.25,0
77,kkbh9zko,1611513076504,worseStatic,1611513106253,1611513125720,19467,30,10,"[{'test_negative_cb': True, 'do_not_have_disease_cb': True, 'test_positive_cb': True, 'have_disease_cb': True}]",1611513171686,1611513194940,23254,25-39,Male,High School,15,11-20,intermediate,4,not_colorblind,1611513240142,1611513250023,9881,c,b,c,d,c,b,b,d,c,b,1,9,0,1611513281669,1611513306251,24582,d,c,b,b,c,d,d,d,b,c,2,8,0,1611513306258,229754,Great study.,0,0,0,30,0,-1.25,0
78,kkbhdn0d,1611513246628,betterStatic,1611513318082,1611513335410,17328,57,56,"[{'test_negative_cb': True, 'do_not_have_disease_cb': True, 'test_positive_cb': True, 'have_disease_cb': True}]",1611513340340,1611513366358,26018,25-39,Male,Bachelors,15,11-20,intermediate,4,not_colorblind,1611513442879,1611513623898,181019,a,d,b,d,b,e,a,,,,7,0,3,1611513626502,1611513749380,122878,c,b,a,e,e,,,,,,4,1,5,1611513749384,502756,"This study was tough, curious how I did.",1,1,2,130,1,10.75,0
79,kkbhmabg,1611513650346,betterStatic,1611513723878,1611513740638,16760,57,56,"[{'test_negative_cb': True, 'do_not_have_disease_cb': True, 'test_positive_cb': True, 'have_disease_cb': True}]",1611513752026,1611513780884,28858,25-39,Female,High School,15,11-20,low-intermediate,1,not_colorblind,1611513846584,1611514027586,181002,a,d,d,c,,e,d,c,d,,4,4,2,1611514030017,1611514211019,181002,c,b,a,c,b,a,b,,b,d,5,4,1,1611514211027,560681,"Section 1, question 5, the question did not load. Just thought I'd mention it. Thanks!",1,1,2,110,1,7.0,0
80,kkbhnjyg,1611513709336,betterStatic,1611513754076,1611513762237,8161,20,19,"[{'test_negative_cb': True, 'do_not_have_disease_cb': True, 'test_positive_cb': True, 'have_disease_cb': True}]",1611513767748,1611513789869,22121,40-49,Male,Masters,17,gt60,expert,4,not_colorblind,1611513798008,1611513922067,124059,a,d,b,d,b,e,a,c,e,e,10,0,0,1611513924608,1611514051701,127093,c,b,a,e,b,a,e,,d,c,9,0,1,1611514051703,342367,Everything worked fine.,0,0,0,190,0,19.0,0
81,kkbhm1ip,1611513638639,worseStatic,1611513877415,1611514473679,596264,57,56,"[{'test_negative_cb': True, 'do_not_have_disease_cb': True, 'test_positive_cb': True, 'have_disease_cb': True}]",1611514489625,1611514525310,35685,50-59,Female,Bachelors,15,21-30,intermediate,2,not_colorblind,1611514596515,1611514774262,177747,e,b,e,d,a,b,c,c,e,d,3,7,0,1611514777021,1611514940167,163146,c,c,c,e,d,d,e,c,b,a,3,7,0,1611514940170,1301531,Challenging puzzles.,1,1,2,80,1,2.5,0
82,kkbgvnmi,1611512407408,worseStatic,1611514002560,1611514041541,38981,60,59,"[{'test_negative_cb': True, 'do_not_have_disease_cb': True, 'test_positive_cb': True, 'have_disease_cb': True}]",1611514047569,1611514067198,19629,25-39,Male,Bachelors,17,41-50,intermediate,2,not_colorblind,1611514099061,1611514211270,112209,a,d,b,d,b,e,a,c,b,e,9,1,0,1611514215665,1611514329459,113794,c,b,a,e,b,a,e,d,d,c,10,0,0,1611514329463,1922055,The study helped me to think analytically with the of visuals present.,0,0,0,190,0,18.75,0
83,kkbhsbzc,1611513932212,betterStatic,1611514029715,1611514054454,24739,56,36,"[{'test_negative_cb': True, 'do_not_have_disease_cb': True, 'test_positive_cb': True, 'have_disease_cb': True}]",1611514063587,1611514084687,21100,40-49,Female,High School,15,41-50,low-intermediate,1,not_colorblind,1611514135347,1611514242670,107323,a,d,a,a,a,c,c,b,d,b,2,8,0,1611514245725,1611514291063,45338,c,c,c,c,c,d,d,a,c,b,1,9,0,1611514291067,358855,thanks,0,0,0,30,0,-1.25,0
84,kkbhrbau,1611513884730,betterStatic,1611514278425,1611514383674,105249,56,80,"[{'test_negative_cb': True, 'do_not_have_disease_cb': True, 'test_positive_cb': True, 'have_disease_cb': True}]",1611514390439,1611514442225,51786,40-49,Female,Bachelors,13,41-50,expert,5,not_colorblind,1611514451526,1611514618996,167470,c,b,c,b,a,d,a,c,b,c,2,8,0,1611514622990,1611514819991,197001,c,b,d,c,b,d,c,c,d,b,4,6,0,1611514820002,935272,It is good study about reasoning.,0,0,0,60,0,2.5,0
85,kkbhym0d,1611514224891,worseStatic,1611514291800,1611514326351,34551,57,56,"[{'test_negative_cb': True, 'do_not_have_disease_cb': True, 'test_positive_cb': True, 'have_disease_cb': True}]",1611514333100,1611514358818,25718,40-49,Male,Bachelors,17,51-60,intermediate,3,not_colorblind,1611514408061,1611514589091,181030,a,d,b,d,b,e,a,c,,,8,0,2,1611514591601,1611514772645,181044,c,b,a,e,e,a,d,,d,d,6,3,1,1611514772653,547762,It was hard to make out where a couple of the folds were on the paper.,1,1,2,160,1,13.25,0
86,kkbhzw38,1611514284826,middleStatic,1611514361454,1611514451234,89780,50,45,"[{'test_negative_cb': True, 'do_not_have_disease_cb': True, 'test_positive_cb': True, 'have_disease_cb': True}]",1611514473148,1611514535718,62570,25-39,Male,Bachelors,21,51-60,low-intermediate,4,not_colorblind,1611514541808,1611514676771,134963,c,d,b,d,c,b,d,c,b,c,4,6,0,1611514738481,1611514786575,48094,c,d,b,d,c,b,a,b,d,c,3,7,0,1611514786591,501765,good survey,0,0,0,70,0,3.75,0
87,kkbi6k9w,1611514596170,betterStatic,1611514609753,1611514626889,17136,25,15,"[{'test_negative_cb': True, 'do_not_have_disease_cb': True, 'test_positive_cb': True, 'have_disease_cb': True}]",1611514628402,1611514655002,26600,25-39,Male,Bachelors,23 or larger,31-40,high-intermediate,4,not_colorblind,1611514657732,1611514678557,20825,d,e,c,b,c,d,e,d,b,b,0,10,0,1611514680373,1611514701229,20856,d,b,d,e,d,b,c,d,c,d,3,7,0,1611514701231,105061,really enjoyed this hit.,0,0,0,30,0,-1.25,0
88,kkbibzlq,1611514849170,middleStatic,1611514868230,1611515121357,253127,56,1,"[{'test_negative_cb': True, 'do_not_have_disease_cb': True, 'test_positive_cb': True, 'have_disease_cb': True}]",1611515127428,1611515169036,41608,50-59,Female,Bachelors,11,6-10,intermediate,3,not_colorblind,1611515176063,1611515238295,62232,a,b,c,d,d,c,b,d,c,d,2,8,0,1611515241590,1611515263887,22297,c,c,d,c,c,d,c,d,c,d,2,8,0,1611515263896,414726,good,0,0,0,40,0,0.0,0
89,kkbi98hl,1611514721150,worseStatic,1611514962653,1611515004340,41687,56,24,"[{'test_negative_cb': True, 'do_not_have_disease_cb': True, 'test_positive_cb': True, 'have_disease_cb': True}]",1611515072055,1611515185098,113043,25-39,Male,Bachelors,15,gt60,intermediate,4,not_colorblind,1611515448556,1611515629568,181012,a,b,d,a,d,e,c,c,d,,3,6,1,1611515714658,1611515895668,181010,c,b,a,b,a,a,d,b,b,a,4,6,0,1611515895674,1174524,It is very interesting study. Some of the figures is looking easily but some of them difficultly find out. Overall it is nice. Thank you.,0,0,0,70,0,4.0,0
90,kkbiso3c,1611515627435,betterStatic,1611515673670,1611515785392,111722,57,56,"[{'test_negative_cb': True, 'do_not_have_disease_cb': True, 'test_positive_cb': True, 'have_disease_cb': True}]",1611515788209,1611515817875,29666,25-39,Female,Other,13,11-20,low-intermediate,1,not_colorblind,1611515861684,1611516009425,147741,a,c,e,d,b,e,b,c,b,c,5,5,0,1611516011649,1611516087948,76299,c,b,a,e,b,e,b,a,d,b,6,4,0,1611516087952,460517,"The visualizations were hard to visualize when you'd have a square, one corner folded and then the next image would be a rectangle not showing how the change occured.",1,1,2,130,1,8.75,0
91,kkbivfrp,1611515756562,worseStatic,1611515831407,1611515921540,90133,57,56,"[{'test_negative_cb': True, 'do_not_have_disease_cb': True, 'test_positive_cb': True, 'have_disease_cb': True}]",1611515930356,1611515951298,20942,25-39,Male,Bachelors,23 or larger,31-40,intermediate,3,not_colorblind,1611516063141,1611516174775,111634,a,d,d,a,c,c,d,d,c,d,2,8,0,1611516177856,1611516256856,79000,c,e,d,c,b,d,d,c,b,b,2,8,0,1611516256858,500296,"The visualizations were interesting, albeit somewhat tough. Thank you.",1,1,2,60,1,0.0,0
92,kkbixha0,1611515852874,betterStatic,1611515869729,1611515916463,46734,57,56,"[{'test_negative_cb': True, 'do_not_have_disease_cb': True, 'test_positive_cb': True, 'have_disease_cb': True}]",1611515924131,1611515955091,30960,25-39,Female,Bachelors,17,lt5,intermediate,3,not_colorblind,1611515965008,1611515994963,29955,a,c,e,b,c,d,c,d,c,c,1,9,0,1611515997697,1611516013439,15742,c,d,b,b,c,d,b,c,b,d,1,9,0,1611516013444,160570,One suggestion is to enlarge the bubble button as it is somehow difficult to click.  Thanks!,1,1,2,40,1,-2.5,0
93,kkbj4nk7,1611516186764,worseStatic,1611516265304,1611516345920,80616,80,56,"[{'test_negative_cb': True, 'do_not_have_disease_cb': True, 'test_positive_cb': True, 'have_disease_cb': True}]",1611516350493,1611516396216,45723,25-39,Male,Bachelors,23 or larger,6-10,intermediate,5,not_colorblind,1611516412109,1611516439598,27489,d,c,d,c,b,a,c,c,d,c,2,8,0,1611516445183,1611516469909,24726,c,d,d,b,d,c,c,b,c,d,1,9,0,1611516469939,283175,interesting study,0,1,1,40,0,-1.25,0
94,kkbjbk24,1611516509413,betterStatic,1611516524958,1611516559975,35017,10,10,"[{'test_negative_cb': True, 'do_not_have_disease_cb': True, 'test_positive_cb': True, 'have_disease_cb': True}]",1611516563824,1611516582238,18414,40-49,Male,Masters,21,41-50,expert,5,colorblind,1611516589027,1611516598077,9050,d,d,e,d,d,d,e,d,d,d,2,8,0,1611516605334,1611516617679,12345,d,d,e,d,d,e,d,d,d,d,2,8,0,1611516617689,108276,GOOD,0,0,0,40,0,0.0,0
95,kkbjbkiu,1611516510923,middleStatic,1611516687150,1611516692126,4976,10,10,"[{'test_negative_cb': True, 'do_not_have_disease_cb': True, 'test_positive_cb': True, 'have_disease_cb': True}]",1611516695987,1611516711286,15299,40-49,Male,Masters,15,31-40,expert,5,colorblind,1611516718291,1611516726710,8419,e,e,d,e,d,e,d,d,d,d,1,9,0,1611516732898,1611516740421,7523,d,d,e,d,d,d,d,d,d,e,2,8,0,1611516740431,229508,GOOD,0,0,0,30,0,-1.25,0
96,kkbjocca,1611517106604,middleStatic,1611517257697,1611517293391,35694,56,20,"[{'test_negative_cb': True, 'do_not_have_disease_cb': True, 'test_positive_cb': True, 'have_disease_cb': True}]",1611517297330,1611517325526,28196,50-59,Male,Bachelors,19,21-30,expert,5,colorblind,1611517339924,1611517354351,14427,b,c,d,c,d,d,b,d,c,c,0,10,0,1611517357883,1611517365202,7319,e,e,d,e,e,e,d,e,d,e,2,8,0,1611517365216,258612,good,0,0,0,20,0,-2.5,0
97,kkblbgl1,1611519864152,middleStatic,1611519875530,1611519884543,9013,10,200,"[{'test_negative_cb': True, 'do_not_have_disease_cb': True, 'test_positive_cb': True, 'have_disease_cb': True}]",1611519895966,1611519917576,21610,40-49,Female,PhD,17,31-40,intermediate,2,not_colorblind,1611519923988,1611519930439,6451,,e,,,,,,,,,0,1,9,1611519952308,1611519963966,11658,,,,e,,,,,,,1,0,9,1611519963971,99819,good,0,0,0,10,0,0.75,0
98,kkbldlqu,1611519963337,middleStatic,1611520069630,1611520468269,398639,56,55,"[{'test_negative_cb': True, 'do_not_have_disease_cb': True, 'test_positive_cb': True, 'have_disease_cb': True}]",1611520478528,1611520508530,30002,60 ,Male,Masters,15,31-40,low-intermediate,2,not_colorblind,1611520599543,1611520780561,181018,a,d,b,e,b,e,,,,,5,1,4,1611520785328,1611520966333,181005,c,b,a,e,e,a,e,d,d,,8,1,1,1611520966336,1002999,Some of the folds were depicted incorrectly,0,0,0,130,0,12.5,0
99,kkblfdrw,1611520047809,middleStatic,1611520059364,1611520067124,7760,57,43,"[{'test_negative_cb': True, 'do_not_have_disease_cb': True, 'test_positive_cb': True, 'have_disease_cb': True}]",1611520070492,1611520083739,13247,50-59,Male,Bachelors,21,31-40,intermediate,5,colorblind,1611520090646,1611520099131,8485,e,e,d,c,d,e,c,d,c,c,1,9,0,1611520105088,1611520113243,8155,e,d,c,c,d,d,d,d,c,d,1,9,0,1611520113251,65442,good,1,0,1,30,0,-2.5,0
100,kkblxy85,1611520912601,betterStatic,1611520948812,1611520981210,32398,56,1,"[{'test_negative_cb': True, 'do_not_have_disease_cb': True, 'test_positive_cb': True, 'have_disease_cb': True}]",1611520984778,1611520999797,15019,25-39,Male,Bachelors,13,21-30,intermediate,1,not_colorblind,1611521023278,1611521108514,85236,a,a,c,c,c,d,d,c,c,b,2,8,0,1611521112079,1611521170166,58087,c,b,a,b,,a,b,b,d,b,5,4,1,1611521170171,257570,Thanks,0,0,0,70,0,4.0,0
101,kkbsfsqd,1611531824125,betterStatic,1611531850891,1611531878080,27189,56,80,"[{'test_negative_cb': True, 'do_not_have_disease_cb': True, 'test_positive_cb': True, 'have_disease_cb': True}]",1611531881832,1611531907395,25563,40-49,Female,Bachelors,13,41-50,expert,5,not_colorblind,1611531928586,1611532109597,181011,a,c,e,a,a,d,c,e,d,c,1,9,0,1611532115684,1611532235286,119602,c,a,e,c,c,d,d,c,c,d,1,9,0,1611532235291,411166,It is good visualization of reasoning study.,0,0,0,20,0,-2.5,0
102,kkbv9ce1,1611536561088,worseStatic,1611536630949,1611536671326,40377,20,20,"[{'test_negative_cb': True, 'do_not_have_disease_cb': True, 'test_positive_cb': True, 'have_disease_cb': True}]",1611536690418,1611536721695,31277,25-39,Female,Bachelors,15,11-20,intermediate,3,not_colorblind,1611536740853,1611536802846,61993,c,d,d,d,c,d,b,c,d,c,3,7,0,1611536819857,1611536946088,126231,c,b,a,c,b,d,d,c,b,d,4,6,0,1611536946092,385004,The task is quite engaging and it is good for reasoning development.,0,0,0,70,0,3.75,0
